station_id,name,address,lat,lon,is_virtual_station,capacity,points_of_interests,public_tansport,nearest_beach,distance_to_beach_m,rent_num,depo_num,night_rent_num,morning_rent_num,afternoon_rent_num,evening_rent_num,rent_num_right,bilans
4971,GDA370,Lawendowe wzgórze,54.3272251,18.5602068,true,17,0,0,Plaza Brzezno - Molo,10467.98472429355,3684,3653,890,873,1501,420,3684,-31
4970,GDA379,"Wydmy, 80-656 Gdańsk",54.373734401692076,18.72929096185743,true,10,1,0,Plaza Stogi,645.6138677300635,5894,5528,114,1055,3711,1014,5894,-366
4960,GDA373,Rondo Junony,54.419942,18.470406,true,21,0,0,Plaza Sopot,7161.702040838823,2190,2110,376,673,869,274,2190,-80
4959,GDA375,Letnicka,54.40059896726345,18.646700421007978,true,30,2,0,Plaza Brzezno - Molo,2041.7108601001007,8069,8261,1042,2887,3290,861,8069,192
4958,GDA388,Rondo Starogardzka/Czerska,54.3014250014771,18.607359939485804,true,21,0,2,Plaza Stogi,11483.285982301551,4693,4525,975,1335,1930,454,4693,-168
4957,GDA378,Radarowa,54.38908713,18.4822624,true,19,1,3,Plaza Jelitkowo,8550.380575559053,448,422,107,93,188,60,448,-26
4924,GDA385,Rondo Guderskiego/Flisykowskiego,54.32187,18.5608,true,20,0,1,Plaza Brzezno - Molo,11002.575541683773,3266,3052,488,930,1403,446,3266,-214
4923,GDA371,Jabłoniowa/Turzycowa,54.330873,18.557719,true,23,2,2,Plaza Brzezno - Molo,10164.44703780594,5314,5016,936,1444,2082,852,5314,-298
4922,GDA383,Jabłoniowa,54.33185,18.56417,true,14,2,2,Plaza Brzezno - Molo,9894.011071519295,4208,4087,630,1285,1685,610,4208,-121
4921,GDA386,Jaworzniaków,54.31798,18.56839,true,20,0,2,Plaza Brzezno - Molo,11236.442298134243,4391,4328,609,1103,2065,617,4391,-63
4920,GDA387,Jagiełły,54.30361022,18.61379527,true,20,0,0,Plaza Stogi,11025.985447241703,2693,2396,509,936,1029,222,2693,-297
4919,GDA382,Modra,54.34207,18.66896,true,16,1,1,Plaza Stogi,5451.260979588231,1331,1233,88,387,703,155,1331,-98
4918,GDA381,Rzęsna,54.34948,18.70621,true,21,0,0,Plaza Stogi,3476.190733696027,2252,2264,94,473,1420,265,2252,12
4917,GDA380,Kępna,54.35909,18.74597,true,18,1,2,Plaza Gorki Zachodnie,2424.8684422322003,429,276,38,110,215,66,429,-153
4916,KOS015,Wiejska,54.5752,18.49053,true,12,1,1,Plaza Gdynia Babie Doly,3516.919942935925,575,549,63,165,247,100,575,-26
4915,KOS016,Derdowskiego,54.56409,18.50585,true,23,0,1,Plaza Gdynia Babie Doly,3298.1774449416293,2686,2586,151,565,1423,549,2686,-100
4913,KOS014,Sezamkowa,54.5842,18.47796,true,18,0,0,Plaza Gdynia Babie Doly,4162.495177674141,1354,1483,210,425,565,154,1354,129
4912,KOS013,Słonecznikowa/Astrowa,54.59188,18.48759,true,12,0,0,Plaza Gdynia Babie Doly,3628.583908190886,845,831,60,240,430,117,845,-14
4911,KOS012,Lubczykowa,54.60501,18.47749,true,19,0,1,Plaza Gdynia Babie Doly,4757.800801192615,359,390,45,84,172,58,359,31
4910,GDA384,Czemińskiego/Guderskiego,54.32356,18.55579,true,25,0,1,Plaza Brzezno - Molo,10956.209112783901,4391,4515,281,1347,1990,773,4391,124
4908,GDA376,sucha,54.39393,18.64408,true,50,2,0,Plaza Brzezno - Molo,2530.7277789635987,16581,17872,2118,5024,6955,2492,16581,1291
4907,GDA374,Grudziądzka,54.39447645,18.62103389,true,35,1,0,Plaza Brzezno - Molo,2138.944627789891,14423,14526,1534,4452,6037,2403,14423,103
4906,GDA372,Narzędziowców,54.36375,18.64732,true,50,2,0,Plaza Stogi,5278.901845053862,14863,14816,1269,2114,6566,4926,14863,-47
4904,GDA366,Adamowicza,54.349959,18.574246,true,14,0,2,Plaza Brzezno - Molo,7788.378860411955,2528,2234,573,752,849,355,2528,-294
4903,GDA369,Lawendowe wzgórze,54.328892,18.568796,true,13,1,0,Plaza Brzezno - Molo,10086.200070506833,4857,4765,617,1365,2108,768,4857,-92
4902,GDA368,Warszawska,54.331717,18.570822,true,11,0,6,Plaza Brzezno - Molo,9745.882766185068,3800,3648,458,1044,1679,623,3800,-152
4901,GDA364,"Sobieszewo, Turystyczna",54.3439594,18.8305346,true,27,1,0,Plaza Sobieszewo,1305.1162242275989,2491,2029,34,846,1329,284,2491,-462
4900,GDA365,"Sobieszewo, Boguckiego",54.33499,18.933902,true,32,0,2,Plaza Swibno,2109.564040127311,1588,1358,24,539,832,193,1588,-230
4868,GDA377,Gdańsk Rębiechowo,54.3872159,18.4461948,true,10,0,3,Plaza Sopot,10481.838826054545,710,450,42,195,393,81,710,-260
4867,GDA367,skrzyżowanie Adamowicza/Kartuska,54.338218,18.572119,true,10,0,4,Plaza Brzezno - Molo,9042.196606001016,2433,2174,222,660,1105,447,2433,-259
3862,GDA034,"Bolesława Krzywoustego 19, 80-360 Gdańsk",54.412794,18.5811569,true,10,0,0,Plaza Jelitkowo,1840.7492918961304,2235,1962,410,776,814,289,2235,-273
3863,GDA035,"Bolesława Krzywoustego 20A, 80-360 Gdańsk",54.4132809,18.584921,true,10,0,0,Plaza Jelitkowo,1660.6038000820229,3508,3268,396,1334,1470,388,3508,-240
3864,GDA036,"Czerwony Dwór 26, 80-383 Gdańsk",54.4117088,18.5844151,true,10,4,0,Plaza Jelitkowo,1828.5660020330424,4545,4447,509,1784,1835,537,4545,-98
3865,GDA037,"Chłopska 41, 80-349 Gdańsk",54.4116514,18.5875389,true,10,2,2,Plaza Jelitkowo,1745.8913410776727,3759,3646,185,1661,1495,476,3759,-113
3866,GDA038,"Generała T. Bora-Komorowskiego 31, 80-377 Gdańsk",54.4090882,18.5861307,true,10,4,2,Plaza Jelitkowo,2044.0636194024498,4573,4029,427,1412,2070,803,4573,-544
3867,GDA039,"Chłopska 34A, 80-368 Gdańsk",54.4136227,18.5880968,true,10,1,1,Plaza Jelitkowo,1530.8510886033248,3866,3773,439,1343,1596,548,3866,-93
3868,GDA040,"Chłopska 34D, 80-358 Gdańsk",54.4159087,18.5876723,true,10,0,3,Plaza Jelitkowo,1318.4656645214782,5931,5764,809,1884,2507,881,5931,-167
3869,GDA041,"Piastowska 100D, 80-358 Gdańsk",54.4169893,18.5915682,true,10,2,0,Plaza Jelitkowo,1097.69839462056,8636,8066,946,3104,3722,1092,8636,-570
3870,GDA042,"Kapliczna 18, 80-341 Gdańsk",54.4217508,18.6016453,true,10,2,3,Plaza Jelitkowo,537.3542291745727,14846,14380,417,3799,7890,2850,14846,-466
3871,GDA043,Prezydenta Lecha Kaczyńskiego 4A,54.4160978,18.5964168,true,10,0,0,Plaza Jelitkowo,1118.3699427078034,5461,5317,534,2004,2268,732,5461,-144
3872,GDA044,"Prezydenta Lecha Kaczyńskiego 16, 80-365 Gdańsk",54.4150283,18.6011302,true,10,0,0,Plaza Jelitkowo,1248.1355717384008,7333,7467,282,2443,3548,1106,7333,134
3873,GDA045,"Jagiellońska 7, 80-371 Gdańsk",54.4131106,18.5925311,true,10,3,2,Plaza Jelitkowo,1489.0708657440591,8880,8787,1247,2864,3780,1148,8880,-93
3874,GDA046,"Jagiellońska 36A, 80-367 Gdańsk",54.413656,18.598089,true,10,4,2,Plaza Jelitkowo,1384.8228874447364,1479,1136,153,554,648,189,1479,-343
3875,GDA047,"Jagiellońska 10M, 80-371 Gdańsk",54.4122016,18.5885344,true,10,2,5,Plaza Jelitkowo,1664.8174916387675,6049,5881,654,2236,2441,892,6049,-168
3876,GDA048,"Chłopska 18, 80-309 Gdańsk",54.408088,18.5898205,true,10,1,3,Plaza Jelitkowo,2073.6550419802797,16433,16149,980,4457,7528,3824,16433,-284
3877,GDA049,"Obrońców Wybrzeża 1, 63-756 Gdańsk",54.4089435,18.5940589,true,10,0,0,Plaza Jelitkowo,1926.3022932503175,18449,18401,804,5133,9953,2980,18449,-48
3878,GDA050,"Obrońców Wybrzeża 2A, 80-334 Gdańsk",54.4091835,18.5976696,true,10,5,1,Plaza Brzezno - Molo,1800.910127369354,7460,7424,725,2654,3239,993,7460,-36
3879,GDA051,"Obrońców Wybrzeża 19, 80-398 Gdańsk",54.4098525,18.5992425,true,10,3,0,Plaza Brzezno - Molo,1683.2254861372987,10712,10522,1086,3616,4613,1591,10712,-190
3880,GDA052,"Obrońców Wybrzeża 27, 80-365 Gdańsk",54.4108954,18.6041376,true,10,0,2,Plaza Brzezno - Molo,1347.9944100346497,14030,13817,508,4246,6424,2984,14030,-213
3881,GDA053,"Kołobrzeska 67, 80-396 Gdańsk",54.4054598,18.5997007,true,10,4,0,Plaza Brzezno - Molo,1839.6870821952893,8848,8796,898,3352,3677,1138,8848,-52
3882,GDA054,"Kołobrzeska 45, 80-391 Gdańsk",54.4042446,18.5922225,true,10,0,2,Plaza Brzezno - Molo,2330.5635403375127,8080,7970,971,2655,3243,1447,8080,-110
3883,GDA055,"Śląska 86, 80-389 Gdańsk",54.4069816,18.5890912,true,10,0,0,Plaza Jelitkowo,2204.7235832315987,3715,3469,324,1411,1466,586,3715,-246
3884,GDA056,"Kołobrzeska 43, 80-391 Gdańsk",54.4040458,18.5903393,true,10,1,1,Plaza Brzezno - Molo,2449.71937146888,11210,10588,661,3463,5397,1932,11210,-622
3885,GDA057,"aleja Rzeczypospolitej 4/151, 80-369 Gdańsk",54.4020771,18.5914493,true,10,3,0,Plaza Brzezno - Molo,2490.580418204331,12136,12000,962,3858,5485,2105,12136,-136
3886,GDA058,"Kołobrzeska 32, 80-984 Gdańsk",54.4030551,18.5869497,true,30,0,2,Plaza Jelitkowo,2662.4812283366073,18330,17808,1117,4998,9113,3485,18330,-522
3887,GDA059,"Krynicka 29, 80-393 Gdańsk",54.4050124,18.5850847,true,30,0,0,Plaza Jelitkowo,2491.6512281254154,3768,3272,436,1362,1532,517,3768,-496
3888,GDA060,"Beniowskiego 1, 80-382 Gdańsk",54.4062622,18.5795854,true,30,1,0,Plaza Jelitkowo,2509.9109455983103,12855,12621,848,3997,5672,2569,12855,-234
3889,GDA061,"Lęborska 3B, 80-386 Gdańsk",54.4043222,18.5762904,true,10,1,0,Plaza Jelitkowo,2802.42866859709,6996,6669,206,1862,4083,980,6996,-327
3890,GDA062,"Słupska 26C, 80-392 Gdańsk",54.401667,18.576447,true,10,2,3,Plaza Jelitkowo,3056.6376488136602,6722,5909,504,1645,3600,1165,6722,-813
3891,GDA063,"Kołobrzeska 2, 80-390 Gdańsk",54.4015477,18.5771668,true,10,3,3,Plaza Jelitkowo,3047.4938801988596,10262,9968,604,2851,5159,1867,10262,-294
3892,GDA064,"Szczecińska 23, 80-387 Gdańsk",54.4025834,18.5814932,true,10,4,2,Plaza Jelitkowo,2827.15356494814,10165,9676,692,3208,4507,1958,10165,-489
3893,GDA065,"Aleja Grunwaldzka 472, 80-309 Gdańsk",54.4026628,18.5720424,true,10,2,0,Plaza Jelitkowo,3103.5034087387526,24577,21763,406,4808,18480,1528,24577,-2814
3894,GDA066,"Jana Bażyńskiego 2, 80-309 Gdańsk",54.4009109,18.5737664,true,10,2,1,Plaza Jelitkowo,3212.8506784792344,11341,9869,465,2327,7026,1747,11341,-1472
3895,GDA067,"Aleja Grunwaldzka 417, 80-309 Gdańsk",54.4009349,18.5749621,true,10,2,1,Plaza Jelitkowo,3173.356858238195,17794,17209,602,3668,12005,1876,17794,-585
3896,GDA068,"Aleja Grunwaldzka 411, 80-309 Gdańsk",54.3986149,18.5762511,true,10,0,1,Plaza Jelitkowo,3367.312322867594,20521,19589,218,4200,14944,1575,20521,-932
3897,GDA069,"Wita Stwosza 48, 80-308 Gdańsk",54.3988103,18.5683705,true,10,1,6,Plaza Jelitkowo,3592.4603462620494,8503,7865,604,2823,3972,1309,8503,-638
3898,GDA070,"Macierzy Szkolnej w Gdańsku 8, 80-308 Gdańsk",54.3959017,18.5707202,true,10,1,3,Plaza Jelitkowo,3796.450557227496,8600,8260,495,3024,3951,1313,8600,-340
3899,GDA071,"Jantarowa 21, 80-341 Gdańsk",54.4133677,18.6238331,true,10,1,0,Plaza Brzezno - Molo,47.6248451951817,36804,34453,781,7917,19625,8689,36804,-2351
3900,GDA072,"Aleja Generała Józefa Hallera 277, 80-502 Gdańsk",54.4112302,18.6290499,true,10,4,0,Plaza Brzezno - Molo,398.76078423723015,24214,24915,522,5534,13533,4750,24214,701
3901,GDA073,"Aleja Generała Józefa Hallera 247C, 80-502 Gdańsk",54.4080708,18.6272554,true,10,0,1,Plaza Brzezno - Molo,642.3115988108698,5901,6030,361,1967,2686,942,5901,129
3902,GDA074,"Emilii Plater 14B, 80-522 Gdańsk",54.4063345,18.6319209,true,10,0,0,Plaza Brzezno - Molo,942.7860746987728,3549,3568,562,1392,1273,371,3549,19
3903,GDA075,"Aleja Generała Józefa Hallera 233, 80-502 Gdańsk",54.4045861,18.6247778,true,10,0,3,Plaza Brzezno - Molo,1003.6500017589308,12726,13687,902,4272,5877,1842,12726,961
3904,GDA076,"Dworska 29, 80-506 Gdańsk",54.4041138,18.6283289,true,10,2,1,Plaza Brzezno - Molo,1085.5066760888528,4983,5011,651,2036,1811,566,4983,28
3905,GDA077,"Gdańska 20, 80-518 Gdańsk",54.4041728,18.6332361,true,10,0,2,Plaza Brzezno - Molo,1193.8213538374084,4549,4466,408,1632,1817,729,4549,-83
3906,GDA078,"Konstantego Ildefonsa Gałczyńskiego 2, 80-524 Gdańsk",54.4067217,18.6385696,true,10,3,4,Plaza Brzezno - Molo,1192.7877240566788,13888,14082,723,3683,6752,2832,13888,194
3907,GDA079,"Ksawerego Dunikowskiego 17A, 80-524 Gdańsk",54.4050012,18.643718,true,10,2,0,Plaza Brzezno - Molo,1572.499618848573,4105,3940,307,1388,1961,494,4105,-165
3908,GDA080,"Łozy 17I, 80-516 Gdańsk",54.4030383,18.6392604,true,10,0,0,Plaza Brzezno - Molo,1517.1522177892755,2025,2028,352,833,638,230,2025,3
3909,GDA081,"Wyzwolenia 7A, 80-537 Gdańsk",54.4030109,18.655441,true,10,1,1,Plaza Brzezno - Molo,2326.822055123735,3154,2947,148,1201,1432,425,3154,-207
3910,GDA082,"Wyzwolenia 28, 80-537 Gdańsk",54.4002698,18.6614674,true,10,1,2,Plaza Brzezno - Molo,2818.3037696909996,5676,5788,566,1975,2427,785,5676,112
3911,GDA083,"Wolności 8, 80-538 Gdańsk",54.3994049,18.6693607,true,10,2,3,Plaza Brzezno - Molo,3308.600308589508,4230,4584,320,1333,1987,635,4230,354
3912,GDA084,"Ks. Mariana Góreckiego 3, 80-544 Gdańsk",54.4008559,18.671317,true,10,2,1,Plaza Brzezno - Molo,3348.886073115877,3752,2731,173,1345,1922,361,3752,-1021
3913,GDA085,"Starowiejska 17, 80-534 Gdańsk",54.3890595,18.6495517,true,10,0,0,Plaza Brzezno - Molo,3177.1445443232133,7225,6817,759,2082,3253,1273,7225,-408
3914,GDA086,"Pokoleń Lechii Gdańsk 1, 80-560 Gdańsk",54.3906251,18.6428542,true,10,1,0,Plaza Brzezno - Molo,2820.0527725533057,4110,3915,191,1210,2013,843,4110,-195
3915,GDA087,"Żaglowa 11, 80-560 Gdańsk",54.38635802401379,18.636422356431808,true,500,1,0,Plaza Brzezno - Molo,3127.9662751900837,6621,6297,170,1439,3899,1222,6621,-324
3916,GDA088,"Narwicka 2G, 80-557 Gdańsk",54.3823482,18.6378922,true,10,0,2,Plaza Brzezno - Molo,3583.5627659077218,6821,6388,365,1289,4487,805,6821,-433
3917,GDA089,"Czarny Dwór 18, 80-365 Gdańsk",54.4076244,18.6148341,true,10,1,1,Plaza Brzezno - Molo,910.7103244687945,11571,11091,564,3112,5886,2130,11571,-480
3918,GDA090,"Jelitkowski Dwór 17, 80-365 Gdańsk",54.4073669,18.6101659,true,10,0,0,Plaza Brzezno - Molo,1155.4921255304046,5121,4997,593,1775,2220,611,5121,-124
3919,GDA091,"Kołobrzeska 56A, 80-394 Gdańsk",54.4066122,18.6059394,true,10,1,1,Plaza Brzezno - Molo,1427.8780934320903,8002,7887,1090,2578,3333,1201,8002,-115
3920,GDA092,"Olsztyńska 2b, 80-395 Gdańsk",54.404969,18.6044096,true,10,3,0,Plaza Brzezno - Molo,1613.532023157493,6165,6057,656,2217,2607,853,6165,-108
3921,GDA093,"Kołobrzeska 42A, 80-391 Gdańsk",54.4048229,18.5969398,true,10,0,2,Plaza Brzezno - Molo,2030.243905857802,7562,7505,914,2382,3460,956,7562,-57
3922,GDA094,"Aleja Rzeczypospolitej 25, 80-463 Gdańsk",54.4000381,18.5954995,true,10,0,4,Plaza Brzezno - Molo,2405.3112053092254,4187,3937,772,1341,1525,625,4187,-250
3923,GDA095,"Aleja Jana Pawła II 25C, 80-462 Gdańsk",54.4045064,18.6123297,true,10,1,1,Plaza Brzezno - Molo,1280.1990549615225,4551,4388,517,1302,2052,770,4551,-163
3924,GDA096,"Janusza Meissnera 4, 80-462 Gdańsk",54.3999566,18.6064973,true,10,1,1,Plaza Brzezno - Molo,1911.3702876825353,7532,7317,774,2680,3227,1004,7532,-215
3925,GDA097,"Aleja Jana Pawła II 3b, 80-462 Gdańsk",54.397234,18.6045205,true,10,0,0,Plaza Brzezno - Molo,2231.102662508421,5908,5684,593,1922,2557,944,5908,-224
3926,GDA098,"Aleja Jana Pawła II 1e, 80-462 Gdańsk",54.3970874,18.5978985,true,10,0,2,Plaza Brzezno - Molo,2515.1924322806694,5954,5821,710,1769,2467,1125,5954,-133
3927,GDA099,"aleja Jana Pawła II 48, 80-462 Gdańsk",54.4025041,18.6108344,true,10,2,0,Plaza Brzezno - Molo,1516.6795102247852,5993,5854,453,2277,2651,779,5993,-139
3928,GDA100,"Zbigniewa Burzyńskiego 1, 80-462 Gdańsk",54.399374,18.607348,true,10,1,0,Plaza Brzezno - Molo,1931.1706971366011,5731,5542,737,1822,2582,747,5731,-189
3929,GDA101,"Zbigniewa Burzyńskiego 6H, 80-462 Gdańsk",54.3957092,18.603511,true,10,0,0,Plaza Brzezno - Molo,2407.662976755741,9504,9443,1209,2799,4157,1555,9504,-61
3930,GDA102,"Kombatantów 1G, 80-464 Gdańsk",54.3966953,18.6119055,true,10,0,0,Plaza Brzezno - Molo,2048.325142132298,3333,3171,441,1205,1329,465,3333,-162
3931,GDA103,"Leszczyńskich 5A, 80-464 Gdańsk",54.3943767,18.614148,true,10,0,1,Plaza Brzezno - Molo,2239.9842778195634,5194,5097,872,1735,2083,661,5194,-97
3932,GDA104,"Konstantego Ciołkowskiego 1A, 80-414 Gdańsk",54.3920442,18.6168327,true,10,1,0,Plaza Brzezno - Molo,2448.0355706457403,10604,10562,1683,3127,4479,1592,10604,-42
3933,GDA105,"aleja Rzeczypospolitej 33, 80-463 Gdańsk",54.3898412,18.6087667,true,10,1,2,Plaza Brzezno - Molo,2830.980790704145,17673,17635,1047,5137,8592,3256,17673,-38
3934,GDA106,"Pilotów 23E, 80-460 Gdańsk",54.3962212,18.5892784,true,10,2,2,Plaza Brzezno - Molo,2986.208649441831,7247,6516,1290,2272,2862,942,7247,-731
3935,GDA107,"Startowa 13K, 80-461 Gdańsk",54.3971784,18.596894,true,10,1,2,Plaza Brzezno - Molo,2552.780216655116,5551,5361,689,1477,2532,939,5551,-190
3936,GDA108,"Startowa 5A, 80-462 Gdańsk",54.393505,18.5994117,true,10,3,0,Plaza Brzezno - Molo,2760.7842379100316,5405,5189,609,1885,2258,797,5405,-216
3937,GDA109,"Pilotów 6A, 80-460 Gdańsk",54.390708,18.5965129,true,10,2,0,Plaza Brzezno - Molo,3122.903156270796,5530,5197,577,1664,2452,937,5530,-333
3938,GDA110,"Pilotów 12A/32, 80-460 Gdańsk",54.3921138,18.5900393,true,10,1,0,Plaza Brzezno - Molo,3266.6502771402265,5103,4933,436,1605,2169,999,5103,-170
3939,GDA111,"Hynka 59, 80-465 Gdańsk",54.3893996,18.5937191,true,10,5,2,Plaza Brzezno - Molo,3346.826672217916,12960,12575,990,3304,6150,2770,12960,-385
3940,GDA112,"Dywizjonu 303 5K, 80-462 Gdańsk",54.389994,18.597972,true,10,0,0,Plaza Brzezno - Molo,3135.400513706791,3928,3809,509,1181,1800,498,3928,-119
3941,GDA113,"Dywizjonu 303 5A, 80-462 Gdańsk",54.3911144,18.6006875,true,10,2,0,Plaza Brzezno - Molo,2936.077724032541,2581,2321,428,771,1058,370,2581,-260
3942,GDA114,"Dywizjonu 303 33G, 80-462 Gdańsk",54.3911939,18.6007008,true,10,2,0,Plaza Brzezno - Molo,2928.097525959689,1881,1524,327,613,687,292,1881,-357
3943,GDA115,"Jana Nagórskiego 7A, 80-463 Gdańsk",54.3921351,18.6053414,true,10,2,3,Plaza Brzezno - Molo,2688.8901679851083,2932,2763,437,1008,1163,401,2932,-169
3944,GDA116,"Skarżyńskiego 5F, 80-463 Gdańsk",54.3886618,18.6050708,true,10,0,0,Plaza Brzezno - Molo,3044.258446595373,3195,3073,488,925,1398,450,3195,-122
3945,GDA117,"Aleja Grunwaldzka 309, 80-309 Gdańsk",54.3942309,18.581392,true,10,1,1,Plaza Brzezno - Molo,3522.255143001334,14159,13703,422,3722,7903,2304,14159,-456
3946,GDA118,"Wita Stwosza 73, 80-308 Gdańsk",54.3912591,18.5778401,true,10,1,7,Plaza Brzezno - Molo,3908.216932674043,7789,7500,751,2210,3605,1436,7789,-289
3947,GDA119,"Abrahama 38, 80-307 Gdańsk",54.389862,18.5685209,true,10,2,2,Plaza Jelitkowo,4460.959327977408,2828,2750,494,874,1247,294,2828,-78
3948,GDA120,"Polanki 99, 80-302 Gdańsk",54.3898555,18.5738951,true,10,0,1,Plaza Brzezno - Molo,4204.780502838053,3887,3766,509,1347,1643,529,3887,-121
3949,GDA121,"płk. Wilka-Krzyżanowskiego 2a, 80-271 Gdańsk",54.3886109,18.5810215,true,10,0,4,Plaza Brzezno - Molo,3952.8837828841515,5310,5180,548,1758,2062,1100,5310,-130
3950,GDA122,"Bernarda Chrzanowskiego 64D, 80-289 Gdańsk",54.3867775,18.5782197,true,10,1,2,Plaza Brzezno - Molo,4225.265970926695,1747,1571,158,635,791,189,1747,-176
3951,GDA123,"Piotra Norblina 11A, 80-304 Gdańsk",54.3867877,18.5722504,true,10,0,0,Plaza Brzezno - Molo,4506.369110117639,1953,1841,243,846,715,178,1953,-112
3952,GDA124,"Piotra Michałowskiego 48, 80-300 Gdańsk",54.3854283,18.5697635,true,10,0,0,Plaza Brzezno - Molo,4727.133947599621,3580,3542,586,1408,1317,329,3580,-38
3953,GDA125,"Aleja Grunwaldzka 232/4, 80-266 Gdańsk",54.3893661,18.5875447,true,10,1,0,Plaza Brzezno - Molo,3601.446496554709,10398,10043,488,3365,5352,1402,10398,-355
3954,GDA126,"Braci Lewoniewskich 2a, 80-465 Gdańsk",54.3870902,18.5920846,true,10,2,2,Plaza Brzezno - Molo,3616.903118059927,7116,6955,255,1517,3876,1599,7116,-161
3955,GDA127,"Karola Szymanowskiego 2, 80-280 Gdańsk",54.3861257,18.592266,true,10,1,1,Plaza Brzezno - Molo,3698.2516597822732,10890,10577,722,3948,4867,1526,10890,-313
3957,GDA129,"Bernarda Chrzanowskiego 38, 80-278 Gdańsk",54.384644,18.581958,true,10,1,0,Plaza Brzezno - Molo,4235.075255299174,3116,3008,314,1161,1300,424,3116,-108
3958,GDA130,"Karola Szymanowskiego 14, 80-280 Gdańsk",54.3838928,18.5883165,true,10,2,0,Plaza Brzezno - Molo,4048.058937050578,15102,14925,1370,4531,6945,2538,15102,-177
3959,GDA131,"prof. Witolda Andruszkiewicza 5, 80-601 Gdańsk",54.36695895343297,18.692842698375728,true,10,1,0,Plaza Stogi,2444.508288988432,583,482,4,57,507,17,583,-101
3960,GDA132,"Juliusza Słowackiego 29/87, 80-257 Gdańsk",54.3807519,18.5881958,true,10,3,1,Plaza Brzezno - Molo,4342.109866425678,13464,13249,1240,4235,6135,2068,13464,-215
3961,GDA133,"Partyzantów 72/82, 80-254 Gdańsk",54.3790489,18.5885755,true,10,0,1,Plaza Brzezno - Molo,4489.879308472373,5799,5606,558,2148,2715,543,5799,-193
3962,GDA134,"Róży Ostrowskiej 74, 80-001 Gdańsk",54.3786056,18.5869609,true,10,0,1,Plaza Brzezno - Molo,4586.570549094383,1456,1308,67,719,660,42,1456,-148
3963,GDA135,"Partyzantów 103, 80-254 Gdańsk",54.3784701,18.5839192,true,10,1,0,Plaza Brzezno - Molo,4706.209881011935,8935,8787,1439,2717,3873,1113,8935,-148
3964,GDA136,"Srebrniki 5, 80-282 Gdańsk",54.3767013,18.5804027,true,10,1,0,Plaza Brzezno - Molo,4997.0544235654315,2951,2832,207,1153,1456,183,2951,-119
3965,GDA137,"Juliusza Słowackiego 89, 80-283 Gdańsk",54.3772656,18.5718838,true,10,0,3,Plaza Brzezno - Molo,5282.785042031698,4430,4202,609,1396,1960,573,4430,-228
3966,GDA138,"Góralska 51A, 80-292 Gdańsk",54.380102,18.5599233,true,10,0,2,Plaza Brzezno - Molo,5596.877201435133,3648,3588,928,1096,1437,301,3648,-60
3967,GDA139,"Góralska 13B, 80-292 Gdańsk",54.3765635,18.5648296,true,10,1,0,Plaza Brzezno - Molo,5644.565680902323,3423,3255,553,1138,1414,434,3423,-168
3968,GDA140,"Mazowiecka 1, 80-292 Gdańsk",54.374532,18.5669034,true,10,1,2,Plaza Brzezno - Molo,5723.267032557541,6037,5852,766,1854,2629,897,6037,-185
3969,GDA141,"Jerzego Waldorffa 3, 80-283 Gdańsk",54.3669795,18.5490937,true,10,0,1,Plaza Brzezno - Molo,7119.153749877779,1329,1283,197,435,571,137,1329,-46
3970,GDA142,"Potokowa 25, 80-283 Gdańsk",54.3626549,18.5586863,true,10,0,0,Plaza Brzezno - Molo,7087.207355333203,3413,3496,289,1427,1411,333,3413,83
3971,GDA143,"Rakoczego 7, 80-288 Gdańsk",54.3649788,18.5729407,true,10,0,5,Plaza Brzezno - Molo,6352.917876348953,5094,4884,411,1778,2388,627,5094,-210
3972,GDA144,Jana Kilińskiego 35,54.3863544,18.6057714,true,10,3,0,Plaza Brzezno - Molo,3262.711267960276,5746,5601,526,1779,2556,1028,5746,-145
3973,GDA145,Aleja Legionów 15,54.3875896,18.6107299,true,10,0,2,Plaza Brzezno - Molo,3026.3719832920456,5623,5406,690,1635,2585,942,5623,-217
3974,GDA146,Tadeusza Kościuszki 80A,54.3882076,18.6169725,true,10,1,0,Plaza Brzezno - Molo,2865.6758254219662,9162,9075,1256,3226,3682,1246,9162,-87
3975,GDA147,Aleja Generała Józefa Hallera 165,54.3882139,18.6228009,true,10,0,3,Plaza Brzezno - Molo,2825.909781397897,19456,19925,2167,5846,8870,3055,19456,469
3976,GDA148,"Racławicka 17C, 80-407 Gdańsk",54.3870641,18.62887,true,10,0,0,Plaza Brzezno - Molo,2965.664649661582,9502,9513,1650,3106,3894,1127,9502,11
3977,GDA149,Bolesława Chrobrego 27,54.3858291,18.6164044,true,10,3,0,Plaza Brzezno - Molo,3132.5796507493696,4408,4313,592,1720,1754,495,4408,-95
3978,GDA150,"Jana Pestalozziego 1, 80-445 Gdańsk",54.384664,18.6092919,true,10,1,0,Plaza Brzezno - Molo,3364.6936309852454,4575,4473,495,1431,1976,756,4575,-102
3979,GDA151,"Nad Stawem 8, 80-452 Gdańsk",54.383761,18.606117,true,10,3,0,Plaza Brzezno - Molo,3524.613862375467,14635,14529,729,3527,7574,3072,14635,-106
3980,GDA152,"Jana Kilińskiego 2, 80-001 Gdańsk",54.3817683,18.6065998,true,10,0,5,Plaza Brzezno - Molo,3724.2136942850207,7471,6363,569,2001,3577,1498,7471,-1108
3981,GDA153,"Jana Kilińskiego 2, Gdańsk",54.38160126357985,18.60715160906335,true,10,1,1,Plaza Brzezno - Molo,3731.007359015593,14934,13388,1110,3612,7475,3059,14934,-1546
3982,GDA154,Joachima Lelewela 18A,54.3831607,18.6144484,true,10,4,3,Plaza Brzezno - Molo,3447.028983943927,8586,8259,847,2570,3924,1324,8586,-327
3983,GDA155,"Danusi 4D, 80-434 Gdańsk",54.3810278,18.6136476,true,10,6,0,Plaza Brzezno - Molo,3689.7197199031984,7977,7768,826,2508,3713,1132,7977,-209
3984,GDA156,"Aleja Grunwaldzka 141, 80-264 Gdańsk",54.382873,18.5985451,true,10,1,5,Plaza Brzezno - Molo,3806.715030480096,38784,37117,1283,9589,22190,6557,38784,-1667
3985,GDA157,Romana Dmowskiego 11C,54.3812316,18.6054209,true,10,1,12,Plaza Brzezno - Molo,3805.000857115787,12994,11453,1449,3536,5872,2305,12994,-1541
3986,GDA158,Klonowa 4D,54.3810553,18.6052818,true,10,1,10,Plaza Brzezno - Molo,3826.46494978545,12101,11347,953,3308,6074,2093,12101,-754
3987,GDA159,"Aleja Grunwaldzka 117, 80-244 Gdańsk",54.3800692,18.6036406,true,10,3,2,Plaza Brzezno - Molo,3965.166262606016,14863,14274,781,4336,7677,2300,14863,-589
3988,GDA160,Aleja Grunwaldzka 122,54.379909,18.6024964,true,10,0,2,Plaza Brzezno - Molo,4007.578379065556,4754,4170,331,1196,2478,818,4754,-584
3989,GDA161,"Obywatelska 1, 80-259 Gdańsk",54.3807591,18.5936781,true,10,3,0,Plaza Brzezno - Molo,4160.375239255112,4332,3977,386,1176,2086,743,4332,-355
3990,GDA162,Partyzantów 59,54.3790935,18.5952564,true,10,1,0,Plaza Brzezno - Molo,4277.822556893892,5070,4678,610,1625,2321,597,5070,-392
3991,GDA163,"Partyzantów 29, 80-254 Gdańsk",54.3784965,18.6006421,true,10,0,0,Plaza Brzezno - Molo,4197.382121042213,6020,5731,849,2011,2566,680,6020,-289
3992,GDA164,Partyzantów 13C,54.3781091,18.6036896,true,10,2,0,Plaza Brzezno - Molo,4169.813363118484,3058,2936,172,944,1530,470,3058,-122
3993,GDA165,"Brzozowa 1, 80-243 Gdańsk",54.3796897,18.6072603,true,10,5,0,Plaza Brzezno - Molo,3932.304512094201,5040,4723,293,1482,2389,1003,5040,-317
3994,GDA166,"Romana Dmowskiego 17, 80-243 Gdańsk",54.3786475,18.6076413,true,10,7,3,Plaza Brzezno - Molo,4036.8835333775155,7564,6730,383,2182,3781,1345,7564,-834
3995,GDA167,"Aleja Grunwaldzka 92, 80-244 Gdańsk",54.3778801,18.607229,true,10,6,5,Plaza Brzezno - Molo,4126.2537285079525,17013,15775,537,5074,9033,2786,17013,-1238
3996,GDA168,"Aleja Grunwaldzka 78, 80-244 Gdańsk",54.37741252771667,18.608731177632336,true,10,3,1,Plaza Brzezno - Molo,4151.454130046372,11645,11031,370,3209,6569,1702,11645,-614
3997,GDA169,Aleja Grunwaldzka 59,54.3771223,18.6110659,true,10,2,0,Plaza Brzezno - Molo,4148.596030833982,7889,6918,507,2293,4004,1274,7889,-971
3998,GDA170,Aleja Grunwaldzka 62,54.3766916,18.6113386,true,10,4,0,Plaza Brzezno - Molo,4191.838460982058,4158,3287,239,1345,2066,582,4158,-871
3999,GDA171,Stefana Batorego 2C,54.3747027,18.605363,true,10,0,0,Plaza Brzezno - Molo,4499.119972957454,9018,8820,666,3009,4104,1386,9018,-198
4000,GDA172,Adama Mickiewicza 24,54.3832844,18.6225117,true,10,1,2,Plaza Brzezno - Molo,3374.362316399251,11572,11241,1175,3753,5140,1825,11572,-331
4001,GDA173,"Mikołaja Reja 34, 80-557 Gdańsk",54.37943677352865,18.631608086421323,true,10,2,0,Plaza Brzezno - Molo,3828.116648244442,8011,7506,720,2357,4179,890,8011,-505
4002,GDA174,"Stanisława Wyspiańskiego 20a, 80-434 Gdańsk",54.3789441,18.6161891,true,10,2,0,Plaza Brzezno - Molo,3891.5015164554748,7846,7642,730,3089,3006,1162,7846,-204
4003,GDA175,"Stanisława Wyspiańskiego 5A, 80-432 Gdańsk",54.3776101,18.6191375,true,18,1,0,Plaza Brzezno - Molo,4017.6968954507533,7288,6934,761,2588,2916,1221,7288,-354
4004,GDA176,Aleja Generała Józefa Hallera 17,54.3764376,18.6239194,true,10,1,3,Plaza Brzezno - Molo,4133.519685975842,5264,5001,374,1694,2464,873,5264,-263
4005,GDA177,"Kliniczna 1b, 80-402 Gdańsk",54.3757278,18.6265248,true,10,0,2,Plaza Brzezno - Molo,4214.470070391643,4671,4163,743,1293,2130,614,4671,-508
4006,GDA178,"Kliniczna 2A, 80-402 Gdańsk",54.3745445,18.6271898,true,10,0,3,Plaza Brzezno - Molo,4347.531571953508,5507,5378,644,1243,3031,690,5507,-129
4007,GDA179,Twarda 21,54.3742427,18.6310134,true,10,0,2,Plaza Brzezno - Molo,4398.0804829880935,8475,8264,746,2138,4974,748,8475,-211
4008,GDA180,"Aleja Grunwaldzka 19/23, 80-236 Gdańsk",54.37618037663131,18.614230389256306,true,10,1,3,Plaza Brzezno - Molo,4214.137642876493,15372,14777,872,4458,7848,2437,15372,-595
4009,GDA181,"Aleja Grunwaldzka 30/32C, 80-229 Gdańsk",54.375647771204,18.614252353285906,true,16,3,2,Plaza Brzezno - Molo,4272.418764131734,11687,11423,789,3465,5808,1856,11687,-264
4010,GDA182,"Aleja Grunwaldzka 16, 80-236 Gdańsk",54.3751631,18.6177496,true,10,3,1,Plaza Brzezno - Molo,4296.984686561616,3785,3565,146,1196,1957,571,3785,-220
4011,GDA183,"Bohaterów Getta Warszawskiego 8, 80-230 Gdańsk",54.37324948344809,18.615901015799068,true,10,1,0,Plaza Brzezno - Molo,4521.803522781029,7931,8253,482,2732,4508,484,7931,322
4012,GDA184,"Gabriela Narutowicza 11, 80-233 Gdańsk",54.3725143,18.6202129,true,10,1,0,Plaza Brzezno - Molo,4577.820463948908,5781,5702,169,2043,3290,438,5781,-79
4013,GDA185,"Trubadurów 6e, 80-205 Gdańsk",54.3732583,18.6256751,true,10,3,1,Plaza Brzezno - Molo,4487.616733558704,6305,5499,633,2029,2841,935,6305,-806
4014,GDA186,"Aleja Zwycięstwa 15, 80-219 Gdańsk",54.3720981,18.6257255,true,10,4,3,Plaza Brzezno - Molo,4616.662866420247,10352,9942,492,3009,4796,2177,10352,-410
4015,GDA187,"Do Studzienki 32, 80-227 Gdańsk",54.3700074,18.6106885,true,10,3,1,Plaza Brzezno - Molo,4929.452259450039,9443,9572,943,2834,3984,1871,9443,129
4016,GDA188,"Traugutta 81, 80-221 Gdańsk",54.3704346,18.6160961,true,10,2,0,Plaza Brzezno - Molo,4831.181545668011,4546,4631,217,1377,2763,314,4546,85
4017,GDA189,"Jana III Sobieskiego 13, 80-216 Gdańsk",54.36708554791048,18.612813819287794,true,10,1,2,Plaza Brzezno - Molo,5227.75849778029,6031,5857,484,2205,2640,842,6031,-174
4018,GDA190,"Mariana Smoluchowskiego 16, 80-214 Gdańsk",54.3665723,18.6201621,true,10,1,2,Plaza Brzezno - Molo,5237.681932422263,7930,7759,314,2985,4406,385,7930,-171
4019,GDA191,"Traugutta 1, 80-221 Gdańsk",54.368406,18.6299202,true,10,1,3,Plaza Brzezno - Molo,5038.96239190218,9359,8938,855,3230,4417,1022,9359,-421
4020,GDA192,"Dębinki 7B, 80-211 Gdańsk",54.366357,18.6266482,true,10,4,1,Plaza Brzezno - Molo,5256.23861703852,9117,8990,340,3735,4810,383,9117,-127
4021,GDA193,Dębowa 3-1 80-208 Gdańsk,54.362416,18.629916,true,10,3,0,Plaza Brzezno - Molo,5703.544337624971,6951,6465,476,2722,2923,965,6951,-486
4022,GDA194,"Ludwika Pasteura 6, 80-215 Gdańsk",54.3622667,18.6054253,true,10,1,0,Plaza Brzezno - Molo,5840.3560555582235,3119,2893,296,1226,1410,299,3119,-226
4023,GDA195,"Cygańska Góra 12C, 80-171 Gdańsk",54.3591433,18.6178024,true,10,0,2,Plaza Brzezno - Molo,6071.651345018756,1384,1195,247,558,458,164,1384,-189
4024,GDA196,"Powstańców Warszawskich 53, 80-165 Gdańsk",54.3565491,18.6194251,true,10,0,1,Plaza Brzezno - Molo,6353.186867801969,3933,3796,418,1389,1619,566,3933,-137
4025,GDA197,"Beethovena 19, 80-171 Gdańsk",54.355608,18.6139066,true,10,5,2,Plaza Brzezno - Molo,6485.494367021321,4263,3978,555,1343,1788,675,4263,-285
4026,GDA198,"Beethovena 78, 80-171 Gdańsk",54.3560633,18.6065686,true,10,2,0,Plaza Brzezno - Molo,6502.700210251385,1406,1112,149,553,560,172,1406,-294
4027,GDA199,"Ignacego Paderewskiego 7, 80-171 Gdańsk",54.3534891,18.6076306,true,10,1,1,Plaza Brzezno - Molo,6773.175233598127,2807,2639,419,1019,1083,346,2807,-168
4028,GDA200,"Karola Kurpińskiego 7, 80-169 Gdańsk",54.3534209,18.5998351,true,10,0,0,Plaza Brzezno - Molo,6879.761469165356,1818,1668,307,589,759,218,1818,-150
4029,GDA201,"Schuberta 79, 80-172 Gdańsk",54.3541029,18.5955175,true,10,0,1,Plaza Brzezno - Molo,6876.8322498669495,5541,5149,210,1736,3262,449,5541,-392
4030,GDA202,"Jaśkowa Dolina 93, 80-286 Gdańsk",54.364383,18.5889872,true,10,1,0,Plaza Brzezno - Molo,5935.610112447852,5795,5019,639,1968,2542,654,5795,-776
4031,GDA203,"Franciszka Zabłockiego 1B, 80-287 Gdańsk",54.3617528,18.593818,true,10,0,1,Plaza Brzezno - Molo,6097.617885022527,4582,3537,657,1733,1819,458,4582,-1045
4032,GDA204,"ul. Nałkowskiej 3, 80-288 Gdańsk",54.360485,18.5898757,true,10,4,0,Plaza Brzezno - Molo,6316.970557521287,6597,5212,1085,1848,2799,1010,6597,-1385
4033,GDA205,"Rakoczego 17, 80-288 Gdańsk",54.3579299,18.5859542,true,10,3,2,Plaza Brzezno - Molo,6674.045943771412,8472,7539,921,2445,3898,1394,8472,-933
4034,GDA206,"Rakoczego 5, 80-288 Gdańsk",54.3589207,18.5784842,true,10,2,0,Plaza Brzezno - Molo,6770.176882965889,7178,6437,862,2008,3307,1140,7178,-741
4035,GDA207,Powstania Listopadowego 2A,54.3552956,18.5776858,true,10,1,2,Plaza Brzezno - Molo,7156.219682546171,5539,4319,1015,1730,2166,706,5539,-1220
4036,GDA208,"ul. Bulońska 46, 80-288 Gdańsk",54.3522199,18.5762294,true,10,1,4,Plaza Brzezno - Molo,7506.288469505424,5097,4361,917,1556,2000,714,5097,-736
4037,GDA209,Warneńska 4A,54.35740915884517,18.582937337071485,true,10,0,4,Plaza Brzezno - Molo,6802.581251816633,2872,1972,473,1050,955,394,2872,-900
4038,GDA210,"Warneńska 4/6, 80-288 Gdańsk",54.357412271370805,18.583287565715636,true,10,0,4,Plaza Brzezno - Molo,6793.335789166224,6744,5114,983,2043,2833,1015,6744,-1630
4039,GDA211,Franciszka Rakoczego 23,54.3556929,18.5880039,true,10,0,4,Plaza Brzezno - Molo,6858.666160415032,4589,3777,465,1722,1818,637,4589,-812
4040,GDA212,Generała Władysława Andersa 28,54.3533406,18.5495486,true,10,0,3,Plaza Brzezno - Molo,8272.291427962127,4707,4470,280,1416,2581,522,4707,-237
4041,GDA213,"Gen. Władysława Andersa 2, 80-175 Gdańsk",54.3493715,18.5510681,true,10,0,1,Plaza Brzezno - Molo,8578.960224907678,4097,3674,338,1179,1939,696,4097,-423
4042,GDA214,"Myśliwska 61A, 80-283 Gdańsk",54.3505607,18.5593772,true,10,0,1,Plaza Brzezno - Molo,8179.403726677187,5697,5536,870,1820,2374,716,5697,-161
4043,GDA215,"Morenowe Wzgórze 2, 80-283 Gdańsk",54.349985,18.566196,true,10,0,0,Plaza Brzezno - Molo,8017.393767008572,6787,6558,1435,1964,2568,943,6787,-229
4044,GDA216,"Damroki 89, 80-177 Gdańsk",54.3443106,18.5627266,true,10,1,0,Plaza Brzezno - Molo,8680.557238199888,2723,2504,663,737,1093,298,2723,-219
4045,GDA217,"Damroki 30, 80-177 Gdańsk",54.3416273,18.5659397,true,10,0,0,Plaza Brzezno - Molo,8855.524921040811,3639,3387,840,868,1452,522,3639,-252
4046,GDA218,"Pólnicy 3, 80-177 Gdańsk",54.3408377,18.5614069,true,10,1,1,Plaza Brzezno - Molo,9063.361331975755,6202,5610,787,1982,2620,881,6202,-592
4047,GDA219,"Damroki 2, 80-177 Gdańsk",54.3388441,18.5646007,true,10,2,2,Plaza Brzezno - Molo,9172.564449256157,3425,3033,404,900,1527,632,3425,-392
4048,GDA220,"Kartuska 313, 80-125 Gdańsk",54.3420595,18.5788379,true,10,0,0,Plaza Brzezno - Molo,8486.531109958525,947,818,147,306,410,101,947,-129
4049,GDA221,"Piekarnicza 21, 80-126 Gdańsk",54.3500062,18.5825829,true,10,1,0,Plaza Brzezno - Molo,7574.056569037767,3280,3148,641,1032,1303,350,3280,-132
4050,GDA222,"Piekarnicza 3, 80-126 Gdańsk",54.3508722,18.5861135,true,10,4,0,Plaza Brzezno - Molo,7404.472742151003,5296,4997,923,1754,2041,683,5296,-299
4051,GDA223,"Rakoczego 28, 80-171 Gdańsk",54.3514846,18.5918886,true,10,0,4,Plaza Brzezno - Molo,7222.478241055741,12265,11845,856,3360,6019,2231,12265,-420
4052,GDA224,Stanisława Lema 21,54.3492576,18.5902917,true,10,0,0,Plaza Brzezno - Molo,7489.573878529962,3404,3177,717,1059,1221,478,3404,-227
4053,GDA225,Kartuska 274,54.3447971,18.5898401,true,10,0,1,Plaza Brzezno - Molo,7972.995794849884,2241,2096,460,754,846,215,2241,-145
4054,GDA226,"Kartuska 234, 80-122 Gdańsk",54.3460552,18.5980766,true,10,1,1,Plaza Brzezno - Molo,7703.33291383451,3434,3343,341,1111,1699,327,3434,-91
4055,GDA227,"Stary Dwór, 80-758 Gdańsk",54.35534281733041,18.675294632525464,true,10,0,1,Plaza Stogi,4126.5820990595885,2982,2859,316,945,1413,362,2982,-123
4056,GDA228,"Kartuska 190, 80-122 Gdańsk",54.3482447,18.6064985,true,10,2,6,Plaza Brzezno - Molo,7360.570215385019,4320,4081,501,1260,2071,560,4320,-239
4057,GDA229,Kartuska 145,54.3493047,18.6132975,true,10,0,2,Plaza Brzezno - Molo,7186.738756746454,6970,6856,1024,2165,2842,1132,6970,-114
4058,GDA230,Kartuska 126,54.3486984,18.6182183,true,10,2,4,Plaza Brzezno - Molo,7229.077356256185,5153,5032,789,1865,2055,528,5153,-121
4059,GDA231,Ciasna 1,54.3491765,18.6250098,true,10,1,2,Plaza Brzezno - Molo,7164.773324477288,8379,8223,1168,2935,3373,1062,8379,-156
4060,GDA232,"Kolonia Praca 28, 80-156 Gdańsk",54.3580385,18.6297944,true,10,0,0,Plaza Brzezno - Molo,6188.9876609146395,4455,4317,396,1546,1865,749,4455,-138
4061,GDA233,Gradowa 8,54.3566643,18.6398094,true,10,2,0,Plaza Stogi,6020.395627670895,912,840,10,221,541,149,912,-72
4062,GDA234,"Powstańców Warszawskich 17, 80-152 Gdańsk",54.3538696,18.633203,true,10,2,0,Plaza Stogi,6539.196542564236,5435,5279,698,1811,2170,828,5435,-156
4063,GDA235,"Kartuska 26, 80-104 Gdańsk",54.3506312,18.6317593,true,10,1,1,Plaza Stogi,6783.089816448348,10779,10785,1444,3203,4532,1769,10779,6
4064,GDA236,"Kartuska 5, 80-103 Gdańsk",54.3515382,18.6367922,true,10,6,2,Plaza Stogi,6447.6042519979665,8397,8199,740,3111,3277,1437,8397,-198
4065,GDA237,Nowe Ogrody 12,54.3514905,18.6405871,true,10,2,1,Plaza Stogi,6234.405786444617,5313,4925,185,2084,2609,643,5313,-388
4066,GDA238,Generała Antoniego Giełguda 4,54.3607214,18.6412126,true,10,0,0,Plaza Stogi,5764.516619244665,5197,4793,353,1315,2266,1343,5197,-404
4067,GDA239,Plac Solidarności 1,54.3613583,18.6506061,true,10,4,0,Plaza Stogi,5171.733992410133,3944,3772,179,629,2844,339,3944,-172
4068,GDA240,Doki 2-42,54.3603513,18.6498145,true,10,1,0,Plaza Stogi,5262.094439253741,7382,7361,497,1780,4101,1111,7382,-21
4069,GDA241,Rajska 14E,54.3578161,18.6473732,true,10,5,1,Plaza Stogi,5521.536003728302,7047,6822,396,1732,4081,931,7047,-225
4070,GDA242,"Łagiewniki 3, 80-855 Gdańsk",54.3577167,18.6505507,true,10,11,0,Plaza Stogi,5340.655700879448,2639,2661,171,587,1433,496,2639,22
4071,GDA243,Wałowa 25,54.3585179,18.6535883,true,10,2,1,Plaza Stogi,5124.718907057306,10795,10613,659,3535,4677,2059,10795,-182
4072,GDA244,"Jana Heweliusza 23, 80-861 Gdańsk",54.3567103,18.6518141,true,10,5,1,Plaza Stogi,5318.211868417392,2875,2772,202,829,1391,512,2875,-103
4073,GDA245,"Jana Heweliusza 9, 80-890 Gdańsk",54.3558803,18.6490781,true,10,4,0,Plaza Stogi,5518.083078074296,17905,17809,533,4706,9986,2951,17905,-96
4074,GDA246,"3 Maja 12, 80-802 Gdańsk",54.35638854173584,18.64305009951181,true,10,0,9,Plaza Stogi,5842.595012893761,6768,6103,916,1733,2984,1278,6768,-665
4075,GDA247,"3 Maja 9, 80-802 Gdańsk",54.354424,18.6425814,true,10,0,0,Plaza Stogi,5966.400508342033,1246,927,100,330,610,229,1246,-319
4076,GDA248,"Podwale Grodzkie 2D, 80-895 Gdańsk",54.355590626535445,18.64514977432239,true,10,1,13,Plaza Stogi,5759.273292539358,8533,7598,1060,1751,3798,2101,8533,-935
4077,GDA249,"Podwale Grodzkie 8, 80-895 Gdańsk",54.3556952,18.6460014,true,10,2,10,Plaza Stogi,5704.771245892439,7401,6819,939,1651,3229,1694,7401,-582
4078,GDA250,"Karmelicka 1, 80-851 Gdańsk",54.3552216,18.6460994,true,10,4,13,Plaza Stogi,5723.119284963766,10980,10381,1344,2637,5248,1928,10980,-599
4079,GDA251,Elżbietańska 9/10,54.3543159,18.6463379,true,10,7,6,Plaza Stogi,5756.4905661689945,2966,2522,237,585,1603,613,2966,-444
4080,GDA252,"Wały Jagiellońskie 1, 80-854 Gdańsk",54.3521686,18.6455638,true,10,2,4,Plaza Stogi,5916.868797833848,11206,10890,534,2148,5718,2952,11206,-316
4081,GDA253,Podwale Staromiejskie 109/112,54.35253,18.6492476,true,10,1,0,Plaza Stogi,5690.857416356372,6297,6007,377,1465,2910,1640,6297,-290
4082,GDA254,"Wielkie Młyny 16, 80-849 Gdańsk",54.3543652,18.6500362,true,10,5,0,Plaza Stogi,5543.991786929626,4709,4442,304,1169,2218,1128,4709,-267
4083,GDA255,"Plac Dominikański 7, 80-844 Gdańsk",54.3532291,18.6527757,true,10,5,0,Plaza Stogi,5455.06523841955,6783,6840,460,1703,2820,1889,6783,57
4084,GDA256,"Olejarna 2, 80-843 Gdańsk",54.354789,18.6547502,true,10,1,1,Plaza Stogi,5255.943273264734,3552,3423,399,840,1505,929,3552,-129
4085,GDA257,"Sieroca 5A, 80-839 Gdańsk",54.3551761,18.6560876,true,10,3,0,Plaza Stogi,5159.445921994339,2525,2393,465,767,1085,289,2525,-132
4086,GDA258,"Stępkarska 1, 80-859 Gdańsk",54.3569376,18.6605458,true,10,3,1,Plaza Stogi,4811.090710294152,6568,6104,166,1774,3753,963,6568,-464
4087,GDA259,"Podwale Staromiejskie 51/52, 80-845 Gdańsk",54.353761,18.657535,true,10,5,2,Plaza Stogi,5162.411075659518,9098,8531,587,2714,4025,1944,9098,-567
4088,GDA260,"Grobla IV 2, 80-837 Gdańsk",54.3527089,18.6546149,true,10,2,0,Plaza Stogi,5384.8512508097,2161,2027,127,648,993,460,2161,-134
4089,GDA261,Straganiarska 33,54.3522016,18.6574222,true,10,12,0,Plaza Stogi,5264.254040977303,3708,3637,193,1021,1658,910,3708,-71
4090,GDA262,"Szeroka 14, 80-835 Gdańsk",54.351767,18.651163,true,10,11,0,Plaza Stogi,5629.771100100167,4931,4405,379,1346,1858,1442,4931,-526
4091,GDA263,Grobla I 13,54.35113645517586,18.65427276741508,true,10,6,0,Plaza Stogi,5499.634534947623,4888,4704,380,1432,2082,1133,4888,-184
4092,GDA264,Szeroka 82/83,54.35078509017845,18.656050659105915,true,10,9,1,Plaza Stogi,5427.012877539037,2665,2170,191,716,1122,692,2665,-495
4093,GDA265,Świętego 26/30,54.3507136,18.6513221,true,10,15,0,Plaza Stogi,5684.735975974687,4653,4468,352,1157,2067,1173,4653,-185
4094,GDA266,"Wały Jagiellońskie 2/4, 80-887 Gdańsk",54.3501741,18.646418,true,10,0,6,Plaza Stogi,5984.340466783688,20351,19617,1190,4642,9922,4967,20351,-734
4095,GDA267,Targ Węglowy 26,54.3504871,18.6452964,true,10,3,5,Plaza Stogi,6027.650634698287,24149,23975,661,5189,13888,4837,24149,-174
4096,GDA268,Wełniarska 19/20,54.3503531,18.6483054,true,10,9,1,Plaza Stogi,5870.45484475793,2467,2241,223,425,1031,800,2467,-226
4098,GDA270,Długa 62/63,54.34905526381269,18.650698803123674,true,10,10,0,Plaza Stogi,5821.512214215062,7347,6722,515,2181,3161,1703,7347,-625
4099,GDA271,Chlebnicka 24/25,54.34873195166085,18.65602720780805,true,10,14,0,Plaza Stogi,5562.739713411793,3522,2433,206,1042,1392,940,3522,-1089
4101,GDA273,"Chmielna 37, 80-748 Gdańsk",54.345832,18.656115,true,10,1,1,Plaza Stogi,5758.379199592366,8887,8562,516,2241,4539,1726,8887,-325
4102,GDA274,Ogarna 85/86,54.3472795,18.6535085,true,10,1,0,Plaza Stogi,5790.411806729171,514,359,51,127,248,108,514,-155
4103,GDA275,Węzeł Unii Europejskie N/A,54.3476185,18.6446368,true,10,1,4,Plaza Stogi,6236.11525724776,11489,10942,811,2600,5919,2369,11489,-547
4104,GDA276,Toruńska 2C,54.3453550005172,18.6457276062321,true,10,3,2,Plaza Stogi,6322.586062338589,12559,11939,1216,3385,6652,1504,12559,-620
4105,GDA277,Kocurki 1-5,54.3457448,18.6481569,true,10,5,0,Plaza Stogi,6170.122595737497,2832,2813,347,729,1388,446,2832,-19
4106,GDA278,Rzeźnicka 58,54.3439738,18.6470072,true,10,0,0,Plaza Stogi,6348.496407608508,3961,3926,161,1091,2494,293,3961,-35
4107,GDA279,Żabi Kruk 7A,54.3441829,18.649756,true,10,2,1,Plaza Stogi,6193.943596682114,3289,3174,182,1084,1606,467,3289,-115
4108,GDA280,Chmielna 74/76,54.3443345,18.6550865,true,10,1,0,Plaza Stogi,5916.569322202802,4821,4429,462,1641,1984,778,4821,-392
4109,GDA281,Łąkowa 10-3A,54.3432155,18.6624489,true,10,3,2,Plaza Stogi,5648.786435130731,8680,8629,639,2716,4524,992,8680,-51
4110,GDA282,Dobra 1A,54.3415569,18.655101,true,10,1,2,Plaza Stogi,6120.864940497217,6201,6103,1106,1920,2634,702,6201,-98
4111,GDA283,Wróbla 11/12,54.3405042,18.6573326,true,10,0,2,Plaza Stogi,6096.646378893989,4754,4721,750,1509,1975,573,4754,-33
4112,GDA284,Mostowa 1-19,54.3356972,18.6491868,true,10,0,2,Plaza Stogi,6847.928229092144,2282,2039,426,691,1043,220,2282,-243
4113,GDA285,Szafarnia 6/2,54.35037575579551,18.659941794167196,true,10,6,0,Plaza Stogi,5250.135128451016,7143,6731,1116,2206,2871,1165,7143,-412
4114,GDA286,Długie Ogrody 57-9,54.3473335,18.6609488,true,10,4,0,Plaza Stogi,5411.077975950625,11854,11318,982,3581,5038,2490,11854,-536
4115,GDA287,Długie Ogrody 30-25,54.3479093,18.6651995,true,10,4,1,Plaza Stogi,5161.394724860615,5044,4929,505,1589,2279,744,5044,-115
4116,GDA288,Długie Ogrody 4-86,54.3481559,18.6686969,true,10,0,6,Plaza Stogi,4975.9259161961045,3779,3672,354,1056,1825,592,3779,-107
4117,GDA289,Podwale Przedmiejskie 1,54.3479098,18.6699327,true,10,0,5,Plaza Stogi,4937.014577149712,4522,4469,317,1363,2277,626,4522,-53
4118,GDA290,Elbląska 73A,54.3494539,18.6747854,true,10,1,2,Plaza Stogi,4592.849240920247,3099,2965,303,1105,1486,297,3099,-134
4119,GDA291,Głęboka 6-26,54.3522295,18.6721159,true,10,0,2,Plaza Stogi,4507.410274961157,3467,3232,211,1025,1900,375,3467,-235
4120,GDA292,Przetoczna 1,54.3566886,18.6808614,true,10,2,1,Plaza Stogi,3754.4082370789397,3399,3134,261,1018,1737,447,3399,-265
4121,GDA293,Teofila Lenartowicza 29,54.3576277,18.683116,true,10,0,0,Plaza Stogi,3575.6990154357973,1810,1550,149,552,955,210,1810,-260
4122,GDA294,Teofila Lenartowicza 20,54.3582948,18.6870117,true,10,0,0,Plaza Stogi,3338.9816389398266,2612,2330,470,651,1187,345,2612,-282
4123,GDA295,Niska 6,54.3626443,18.7080234,true,10,0,0,Plaza Stogi,2097.3031267534934,2344,2499,342,853,900,278,2344,155
4124,GDA296,Wilhelma Stryjewskiego 25,54.360727,18.7108389,true,10,4,0,Plaza Stogi,2203.322421968039,2866,3119,350,811,1209,523,2866,253
4125,GDA297,Wilhelma Stryjewskiego 29F,54.3612279,18.7154781,true,10,2,2,Plaza Stogi,2046.5647190696332,2870,3060,361,823,1228,476,2870,190
4126,GDA298,Tytusa Chałubińskiego 4,54.3421485,18.6259639,true,10,2,0,Plaza Stogi,7581.874432734821,2467,2198,425,776,974,342,2467,-269
4127,GDA299,Tytusa Chałubińskiego 11,54.3418493,18.6221568,true,10,3,1,Plaza Stogi,7808.387099612142,1643,1389,373,486,655,168,1643,-254
4128,GDA300,Marcina Dragana 17-1U,54.3410202,18.617494,true,10,1,2,Plaza Brzezno - Molo,8084.143742691311,2252,1862,212,694,1029,353,2252,-390
4129,GDA301,aleja  Sikorskiego - Wincentego Witosa  N/A,54.3384169,18.6178669,true,10,0,3,Plaza Stogi,8247.89293569256,2409,2194,208,744,1062,433,2409,-215
4130,GDA302,Tytusa Chałubińskiego 37,54.3387535,18.618985,true,10,0,2,Plaza Stogi,8166.734604526903,2837,2365,170,961,1223,525,2837,-472
4131,GDA303,Stanisława Worcella 33,54.3379348,18.6266183,true,10,2,3,Plaza Stogi,7809.7972932215935,6008,5749,1076,1648,2489,905,6008,-259
4132,GDA304,Telimeny 55,54.3429569,18.6117953,true,10,0,0,Plaza Brzezno - Molo,7898.831469970416,1129,1091,97,326,534,191,1129,-38
4133,GDA305,Łostowicka 35,54.341552,18.6017141,true,10,0,0,Plaza Brzezno - Molo,8146.5444159248955,1952,1780,174,594,963,247,1952,-172
4134,GDA306,Rogalińska 21,54.3361757,18.5987548,true,10,0,2,Plaza Brzezno - Molo,8769.540673135814,4542,4219,410,1491,1884,837,4542,-323
4135,GDA307,Bernarda Milskiego 1A,54.3370605,18.6032791,true,10,0,0,Plaza Brzezno - Molo,8621.54973377226,974,583,85,351,453,94,974,-391
4136,GDA308,Władysława Cieszyńskiego 38-6,54.3381058,18.6065688,true,10,2,1,Plaza Brzezno - Molo,8475.095270636333,1689,1306,333,448,662,259,1689,-383
4137,GDA309,Władysława Cieszyńskiego 1D,54.338142,18.6108353,true,10,3,2,Plaza Brzezno - Molo,8437.792348026527,3362,3164,196,1028,1390,792,3362,-198
4138,GDA310,Władysława Cieszyńskiego 36-49B,54.3372546,18.6125742,true,10,5,0,Plaza Brzezno - Molo,8525.044445041607,3289,3133,304,958,1512,554,3289,-156
4139,GDA311,Profesora Romana Lipowicza 17,54.3339718,18.6163222,true,10,0,1,Plaza Stogi,8609.077787583088,2390,2307,216,823,904,482,2390,-83
4140,GDA312,Nieborowska 11,54.3307245,18.6059462,true,10,2,0,Plaza Brzezno - Molo,9293.968934632583,5107,4888,938,1467,2019,769,5107,-219
4141,GDA313,Rogalińska 5C,54.3288957,18.5991049,true,10,0,6,Plaza Brzezno - Molo,9561.680778001344,5060,4899,552,1259,2359,1016,5060,-161
4142,GDA314,Rogalińska 21,54.3330705,18.5965454,true,10,3,3,Plaza Brzezno - Molo,9136.021105063022,3562,3418,310,1081,1635,611,3562,-144
4143,GDA315,Cedrowa 42,54.3389576,18.5877542,true,10,0,1,Plaza Brzezno - Molo,8634.32110992816,3868,3584,621,1365,1585,366,3868,-284
4144,GDA316,Mariana Kołodzieja 45,54.3336839,18.5854871,true,10,1,0,Plaza Brzezno - Molo,9238.561672601747,3269,2824,632,961,1394,321,3269,-445
4145,GDA317,Piotrowska 6-13,54.3302019,18.5850396,true,10,0,0,Plaza Brzezno - Molo,9619.28389294457,4989,4581,726,1446,2193,691,4989,-408
4146,GDA318,Piotrowska 44,54.3286543,18.5821486,true,10,1,2,Plaza Brzezno - Molo,9835.82357938205,5207,4929,982,1474,2167,677,5207,-278
4147,GDA319,Jeleniogórska 19,54.3256624,18.5839051,true,10,1,0,Plaza Brzezno - Molo,10125.694307317246,4067,3760,579,1458,1564,513,4067,-307
4148,GDA320,Płocka 11C,54.3258664,18.5924054,true,10,1,0,Plaza Brzezno - Molo,9974.874637024668,2376,1922,480,803,855,278,2376,-454
4149,GDA321,Płocka 5C,54.3273692,18.5959098,true,10,1,0,Plaza Brzezno - Molo,9765.991973894152,2687,2086,395,818,1085,409,2687,-601
4150,GDA322,Przemyska 57,54.3298986,18.5936355,true,10,0,0,Plaza Brzezno - Molo,9519.739122235038,3812,3463,662,1090,1507,608,3812,-349
4151,GDA323,Małomiejska 31B,54.3288103,18.6167259,true,10,0,0,Plaza Stogi,8933.857915355517,2524,2424,531,792,1023,241,2524,-100
4152,GDA324,Małomiejska 31B,54.3272553,18.6109115,true,10,0,1,Plaza Stogi,9336.967302224399,7647,7531,1400,2048,3154,1163,7647,-116
4153,GDA325,Świętokrzyska 15,54.3227199,18.604989,true,10,0,3,Plaza Stogi,9951.298312340117,11322,10909,853,3313,5377,1930,11322,-413
4154,GDA326,Generała Leopolda Okulickiego 7,54.3242642,18.6102023,true,10,0,0,Plaza Stogi,9580.666976550836,2572,2438,640,643,1013,300,2572,-134
4155,GDA327,Zygmunta 11,54.3229571,18.6150601,true,10,0,0,Plaza Stogi,9434.423753777792,2064,1884,412,666,824,200,2064,-180
4156,GDA328,Platynowa 12B,54.3247296,18.61819,true,10,1,2,Plaza Stogi,9151.880284291163,4444,4424,773,1304,1885,556,4444,-20
4157,GDA329,Krzemowa 12B,54.3266183,18.621241,true,10,1,1,Plaza Stogi,8864.748176871424,2612,2521,585,866,960,242,2612,-91
4158,GDA330,Małomiejska 45A,54.3301742,18.6270356,true,10,2,2,Plaza Stogi,8321.960714576742,5052,4945,1071,1312,2227,573,5052,-107
4159,GDA331,Sandomierska 1,54.3322056,18.6347569,true,10,0,2,Plaza Stogi,7796.402657387443,5785,5639,556,1637,2802,861,5785,-146
4160,GDA332,Gościnna 10,54.3226394,18.6322741,true,10,5,3,Plaza Stogi,8652.003849542672,9340,9691,974,2481,4969,1065,9340,351
4161,GDA333,Świętokrzyska 134-40,54.3214026,18.5990614,true,10,0,0,Plaza Stogi,10343.243378542304,2936,2736,364,784,1325,495,2936,-200
4162,GDA334,Kazimierza Porębskiego 48E,54.3201889,18.5764172,true,10,0,1,Plaza Brzezno - Molo,10843.788310671947,5496,5506,1083,1617,2214,635,5496,10
4163,GDA335,Konstantego Bergiela 6,54.3174996,18.5825562,true,10,0,0,Plaza Brzezno - Molo,11026.066273364573,4569,4494,457,1479,1875,808,4569,-75
4164,GDA336,Wielkopolska 20,54.3161691,18.5900833,true,10,1,1,Plaza Brzezno - Molo,11061.18829454986,3820,3706,796,1254,1406,431,3820,-114
4165,GDA337,"Kampinoska 01, 80-180 Gdańsk",54.3162819,18.6037298,true,10,0,1,Plaza Stogi,10476.567095457223,6934,6968,2024,1616,2591,811,6934,34
4166,GDA338,Srebrna 46,54.3129016,18.5974477,true,10,1,0,Plaza Stogi,11030.848101019572,6349,6500,1623,1794,2370,634,6349,151
4167,GDA339,Łucznicza 2,54.3089717,18.587561,true,10,1,1,Plaza Stogi,11800.786239067793,5630,5181,1342,1639,2132,605,5630,-449
4168,GDA340,Piłkarska 4-7,54.305126,18.5822173,true,10,0,2,Plaza Stogi,12343.717244299163,4803,4337,935,1366,1972,590,4803,-466
4169,GDA341,Kielnieńska 107,54.4323127,18.4713863,true,10,1,1,Plaza Sopot,6618.298565697887,34,4,3,16,24,11,34,-30
4170,GDA342,Wacława Balcerskiego 15,54.42993,18.46969,true,10,1,0,Plaza Sopot,6797.534224851228,1837,1763,116,434,858,457,1837,-74
4172,GDA344,Jednorożca 70,54.4246049,18.4778144,true,10,0,1,Plaza Sopot,6509.813555029687,1682,1459,183,549,757,252,1682,-223
4173,GDA345,"Plac św. Jana Apostoła, 80-299 Gdańsk",54.4207702,18.4787004,true,10,4,2,Plaza Sopot,6640.108552885777,2727,2449,332,1019,1028,408,2727,-278
4174,GDA346,Koziorożca 10-2,54.4254609,18.4728457,true,10,1,1,Plaza Sopot,6770.08473027521,1019,863,84,289,483,175,1019,-156
4175,GDA347,Pegaza 32,54.4243624,18.4640752,true,10,1,0,Plaza Sopot,7343.075248147643,768,666,55,211,373,157,768,-102
4176,GDA348,Barniewicka 60A,54.4213192,18.4522328,true,10,0,3,Plaza Sopot,8179.638969630297,2619,2217,195,798,1426,266,2619,-402
4177,GDA349,Juliusza Słowackiego 224,54.38249969482422,18.467166900634766,true,10,0,11,Plaza Jelitkowo,9761.40017912246,1144,1028,98,317,523,224,1144,-116
4178,GDA350,Juliusza Słowackiego 175,54.3802885,18.4831988,true,10,0,2,Plaza Jelitkowo,9012.70139017045,1009,775,44,200,686,102,1009,-234
4179,GDA351,Kadetów 2A,54.3767944,18.507692,true,10,0,2,Plaza Jelitkowo,8017.7227351944075,1561,1099,159,517,677,240,1561,-462
4180,GDA352,Jesienna 23,54.3739674,18.5062144,true,10,0,4,Plaza Jelitkowo,8304.255816301598,1364,979,92,424,753,117,1364,-385
4181,GDA353,Złota Karczma 25A,54.3756887,18.5217257,true,10,0,1,Plaza Jelitkowo,7473.071311707569,4181,3561,273,1198,2185,567,4181,-620
4182,GDA354,Majora Mieczysława Słabego 6,54.3718769,18.524396,true,10,1,0,Plaza Jelitkowo,7687.858224618422,1483,1226,244,463,624,165,1483,-257
4183,GDA355,Osiedlowa 4A,54.3557667,18.4927959,true,10,1,1,Plaza Jelitkowo,10374.351308121486,1786,1567,229,371,898,300,1786,-219
4184,GDA356,Jaśminowy Stok 5A,54.3558748,18.5107226,true,10,0,0,Plaza Jelitkowo,9641.910900924451,1681,1628,357,561,606,183,1681,-53
4185,GDA357,Jaśminowy Stok 16,54.3529624,18.5088058,true,10,0,0,Plaza Jelitkowo,9977.517351049868,1041,948,103,336,474,154,1041,-93
4186,GDA358,Kminkowa 2/1,54.3527039,18.5133067,true,10,5,0,Plaza Jelitkowo,9835.46265221415,1625,1527,111,476,860,212,1625,-98
4187,GDA359,Kartuska 379,54.350429,18.5094064,true,10,0,1,Plaza Jelitkowo,10186.600685823687,785,655,45,220,418,121,785,-130
4188,GDA360,Goplańska 45,54.3388809,18.5077755,true,10,0,1,Plaza Brzezno - Molo,11231.217457341445,1140,899,108,372,545,123,1140,-241
4189,GDA361,Szczęśliwa 52,54.3553576,18.5283322,true,10,0,2,Plaza Brzezno - Molo,8982.544262488764,3001,2760,108,873,1728,358,3001,-241
4190,GDA362,Serdeczna 1C,54.3510618,18.5299705,true,10,1,0,Plaza Brzezno - Molo,9262.674206126,3093,2779,273,744,1484,632,3093,-314
4191,GDA363,Przytulna 13A,54.3512121,18.5331762,true,10,1,0,Plaza Brzezno - Molo,9114.16485110558,3620,3110,637,1027,1471,547,3620,-510
4192,GDY001,Dedala 10,54.5834079,18.5387413,true,10,0,0,Plaza Gdynia Babie Doly,287.81612309364084,995,851,28,257,556,162,995,-144
4193,GDY002,Zielona 36,54.5779514,18.5387535,true,10,2,2,Plaza Gdynia Babie Doly,795.6315549574425,1423,1386,73,373,775,217,1423,-37
4194,GDY003,Osada Rybacka 12,54.55915,18.5487714,true,10,0,0,Plaza Gdynia Babie Doly,2875.7991477971536,1399,1290,237,217,734,241,1399,-109
4195,GDY004,Pułkownika Stanisława Dąbka N/A,54.5535626,18.5298748,true,10,1,3,Plaza Gdynia Babie Doly,3563.9176326474,2212,1950,132,544,1166,391,2212,-262
4196,GDY005,Zielona 19-1,54.5492145,18.5304951,true,10,0,3,Plaza Gdynia Srodmiescie,3951.238706959659,2190,1803,285,502,1133,313,2190,-387
4197,GDY006,Podchorążych 9,54.550743,18.5371113,true,10,3,0,Plaza Gdynia Babie Doly,3798.7316495734917,2483,2284,308,529,1222,454,2483,-199
4198,GDY007,Arendta Dickmana 4,54.549095,18.5478527,true,10,1,1,Plaza Gdynia Srodmiescie,3720.2779031745454,2157,1995,249,593,1066,273,2157,-162
4199,GDY008,Inżyniera Jana Śmidowicza 67,54.5428221,18.5435259,true,10,3,1,Plaza Gdynia Srodmiescie,3053.8485654436995,2275,1972,49,708,1473,128,2275,-303
4200,GDY009,Inżyniera Jana Śmidowicza 45,54.542776,18.534011,true,10,1,1,Plaza Gdynia Srodmiescie,3200.6837201666845,2066,1569,66,310,1623,100,2066,-497
4201,GDY010,Konstantego Maciejewicza 11,54.562608,18.5070371,true,10,1,2,Plaza Gdynia Babie Doly,3362.545403029643,604,391,48,161,310,115,604,-213
4202,GDY011,Eugeniusza Kwiatkowskiego N/A,54.5594445,18.5105288,true,10,1,1,Plaza Gdynia Babie Doly,3490.567590233241,2979,2840,402,797,1361,458,2979,-139
4203,GDY012,Pułkownika Stanisława Dąbka 203,54.5561285,18.520427,true,10,4,1,Plaza Gdynia Babie Doly,3488.468000693702,1481,1282,169,415,758,159,1481,-199
4204,GDY013,Rębaczy 13,54.5528988,18.5099111,true,10,3,0,Plaza Gdynia Babie Doly,4120.461286191506,628,442,43,138,315,136,628,-186
4205,GDY014,Cechowa 22,54.5526183,18.5150573,true,10,1,1,Plaza Gdynia Babie Doly,3989.27442929331,1454,1183,210,358,724,181,1454,-271
4206,GDY015,Pułkownika Stanisława Dąbka,54.56276067329891,18.486815784221804,true,10,2,2,Plaza Gdynia Babie Doly,4346.1225413125985,75,0,6,24,33,12,75,-75
4207,GDY016,Benisławskiego 13-2,54.5486767,18.5220355,true,10,1,1,Plaza Gdynia Srodmiescie,4110.283304988026,4822,4382,679,1237,2254,701,4822,-440
4208,GDY017,Komandora Bolesława Romanowskiego 52,54.562854,18.4971197,true,10,0,1,Plaza Gdynia Babie Doly,3808.88329819925,1070,875,104,328,447,210,1070,-195
4209,GDY018,Generała Dywizji Franciszka Kleeberga 2D,54.5610107,18.4934758,true,10,3,0,Plaza Gdynia Babie Doly,4120.583267613899,1007,822,89,313,451,181,1007,-185
4210,GDY019,Żelazna 11A,54.559016,18.4845417,true,10,0,0,Plaza Gdynia Babie Doly,4709.052219606104,1517,1440,327,562,536,110,1517,-77
4211,GDY020,Komandora Zygmunta Horyda 14,54.5629346,18.4810403,true,10,1,4,Plaza Gdynia Babie Doly,4648.395500121849,1538,1221,161,329,656,426,1538,-317
4212,GDY021,Złota 24,54.5592001,18.4717998,true,10,0,2,Plaza Gdynia Babie Doly,5373.5226298878715,1406,1398,250,358,567,243,1406,-8
4213,GDY022,Admirała Józefa Unruga 67,54.5546592,18.4926239,true,10,0,1,Plaza Gdynia Babie Doly,4643.292137526376,2289,2254,286,843,870,327,2289,-35
4214,GDY023,Admirała Józefa Unruga 41,54.552307,18.5033296,true,10,3,2,Plaza Gdynia Babie Doly,4406.15009454974,2382,2535,367,663,1070,307,2382,153
4215,GDY024,Admirała Józefa Unruga 35,54.5508979,18.5062887,true,10,0,2,Plaza Gdynia Babie Doly,4431.881089780345,6107,6748,509,1312,3108,1220,6107,641
4216,GDY025,Janka Wiśniewskiego N/A,54.54631,18.5015189,true,10,0,1,Plaza Gdynia Srodmiescie,4657.2862397886,1322,1236,102,254,813,157,1322,-86
4217,GDY026,Kontenerowa 25,54.5504601,18.4862884,true,10,0,1,Plaza Gdynia Babie Doly,5263.1331850548995,1007,958,106,76,653,190,1007,-49
4218,GDY027,Karola Kurpińskiego 1,54.5475393,18.4357994,true,10,0,1,Plaza Gdynia Babie Doly,8030.515965712106,1707,1648,423,533,611,193,1707,-59
4219,GDY028,Morska 230/H,54.5465134,18.4416546,true,10,2,2,Plaza Gdynia Babie Doly,7771.401441778078,3117,3148,217,862,1387,720,3117,31
4220,GDY029,Janowska N/A,54.5492969,18.4451302,true,10,1,3,Plaza Gdynia Babie Doly,7415.5628405318985,2379,2129,310,501,1212,420,2379,-250
4221,GDY030,Zbożowa 25,54.5459378,18.4490398,true,10,0,0,Plaza Gdynia Srodmiescie,7374.798880680937,1443,1371,144,329,819,220,1443,-72
4222,GDY031,Kcyńska 7A,54.5439688,18.4531051,true,10,1,0,Plaza Gdynia Srodmiescie,7042.0349989490705,2792,2715,252,770,1391,453,2792,-77
4223,GDY032,Kartuska 61,54.5375862,18.4583884,true,10,1,1,Plaza Gdynia Srodmiescie,6438.568750591916,2197,2029,296,695,832,411,2197,-168
4224,GDY033,Chabrowa 55,54.5374147,18.4395433,true,10,0,1,Plaza Gdynia Srodmiescie,7572.125248091928,1060,1119,154,421,381,119,1060,59
4225,GDY034,Czeremchowa 1,54.5341492,18.4456349,true,10,2,1,Plaza Gdynia Srodmiescie,7087.33913743203,2525,2602,158,803,1147,480,2525,77
4226,GDY035,Skarbka 70E,54.528225,18.4574921,true,10,0,1,Plaza Gdynia Srodmiescie,6178.0818390093345,2089,2070,223,595,848,459,2089,-19
4227,GDY036,Hutnicza 34,54.549924,18.458361,true,10,0,0,Plaza Gdynia Babie Doly,6667.791030292044,1461,1398,178,238,722,328,1461,-63
4228,GDY037,Hutnicza 20G,54.5472201,18.4727852,true,10,0,1,Plaza Gdynia Srodmiescie,6132.270210060845,1338,1088,16,118,1196,33,1338,-250
4229,GDY038,Palmowa,54.546401,18.4628722,true,10,0,5,Plaza Gdynia Srodmiescie,6619.5793781824295,2716,2509,524,625,1194,464,2716,-207
4230,GDY039,Plac Dworcowy 1-43A,54.5450561,18.4629557,true,10,4,3,Plaza Gdynia Srodmiescie,6539.0734280700135,5490,5166,574,1149,2644,1215,5490,-324
4231,GDY040,Wejherowska 59,54.543018,18.465755,true,10,3,0,Plaza Gdynia Srodmiescie,6270.413729452041,2004,1837,270,504,853,396,2004,-167
4232,GDY041,Morska 305,54.5417339,18.4608305,true,10,1,2,Plaza Gdynia Srodmiescie,6485.191068947279,3621,3309,354,980,1631,730,3621,-312
4233,GDY042,Morska 269,54.538813,18.4710298,true,10,0,1,Plaza Gdynia Srodmiescie,5751.465537726084,3485,3314,376,1137,1414,624,3485,-171
4234,GDY043,Chylońska 50A,54.5411823,18.477945,true,10,1,3,Plaza Gdynia Srodmiescie,5487.350064685763,2565,2539,182,794,1256,401,2565,-26
4235,GDY044,Chylońska 5,54.5362785,18.4786331,true,10,0,1,Plaza Gdynia Srodmiescie,5186.831625919834,3618,3491,352,1128,1634,586,3618,-127
4236,GDY045,Hutnicza 1A,54.5381012,18.4940558,true,10,0,2,Plaza Gdynia Srodmiescie,4427.142261493089,1089,727,60,245,633,164,1089,-362
4237,GDY046,Osada Kolejowa 1B,54.5346529,18.4946268,true,10,1,4,Plaza Gdynia Srodmiescie,4191.370540280425,2374,2097,322,642,1035,434,2374,-277
4238,GDY047,Morska 158,54.5330561,18.4881963,true,10,0,2,Plaza Gdynia Srodmiescie,4475.329378650757,4070,3761,670,1046,1780,652,4070,-309
4239,GDY048,Działdowska 25,54.5315759,18.4827056,true,10,2,1,Plaza Gdynia Srodmiescie,4733.558626666052,1574,1268,207,679,538,196,1574,-306
4240,GDY049,Sambora 50,54.5268761,18.4905356,true,10,2,1,Plaza Gdynia Srodmiescie,4080.639107686243,2286,2233,206,889,1011,262,2286,-53
4241,GDY050,Morska 127,54.530505643207114,18.498075709841963,true,10,0,1,Plaza Gdynia Srodmiescie,3777.9697419016893,4620,4440,625,1399,1954,730,4620,-180
4242,GDY051,Czechosłowacka 3,54.5327082,18.5170832,true,10,0,2,Plaza Gdynia Srodmiescie,2881.913444712261,3136,3047,131,372,2535,152,3136,-89
4243,GDY052,Janka Wiśniewskiego N/A,54.5264316,18.5191114,true,10,0,3,Plaza Gdynia Srodmiescie,2366.134488255362,2610,2444,983,568,896,263,2610,-166
4244,GDY053,Morska 113A,54.528958,18.5038443,true,10,3,3,Plaza Gdynia Srodmiescie,3367.9744925419295,6267,6252,778,1766,2944,909,6267,-15
4245,GDY054,Morska 81,54.5263683,18.5126695,true,10,1,0,Plaza Gdynia Srodmiescie,2729.924322138928,3302,3072,170,1058,1703,496,3302,-230
4246,GDY055,Maurycego Beniowskiego 20,54.5236117,18.5130319,true,10,1,2,Plaza Gdynia Srodmiescie,2589.1771826679997,3022,2928,516,885,1240,420,3022,-94
4247,GDY056,Morska 73,54.5243766,18.517867,true,10,0,2,Plaza Gdynia Srodmiescie,2332.185422222877,4463,4206,451,1323,2082,701,4463,-257
4248,GDY057,Morska 4A,54.5202928,18.5292777,true,10,1,2,Plaza Gdynia Srodmiescie,1477.753996646419,1467,1089,164,486,620,292,1467,-378
4249,GDY058,Wolności 9-5,54.5195958,18.5274565,true,10,2,3,Plaza Gdynia Srodmiescie,1565.2225331945758,5972,5766,724,1776,2548,1058,5972,-206
4250,GDY059,Wolności 37A,54.5189122,18.5197656,true,10,1,1,Plaza Gdynia Srodmiescie,2031.8923368889166,3560,3720,393,1335,1560,326,3560,160
4251,GDY060,Tatrzańska 14,54.5160357,18.5251888,true,10,3,1,Plaza Gdynia Srodmiescie,1650.3514452206655,1072,989,95,417,439,153,1072,-83
4252,GDY061,Nowogrodzka 16-12,54.5147642,18.5311537,true,10,1,1,Plaza Gdynia Srodmiescie,1268.9781932792885,4636,4459,463,1641,2010,654,4636,-177
4253,GDY062,Witomińska 8,54.5119852,18.5323498,true,10,1,1,Plaza Gdynia Srodmiescie,1256.7711441032686,5564,5194,614,1915,2463,700,5564,-370
4254,GDY063,Witomińska 76,54.5097736,18.5194745,true,10,0,1,Plaza Gdynia Srodmiescie,2123.0085289976982,487,365,31,157,257,48,487,-122
4255,GDY064,Polska N/A,54.532701,18.5467272,true,10,0,4,Plaza Gdynia Srodmiescie,1910.3700023417962,1765,1815,48,328,1202,228,1765,50
4256,GDY065,Polska 13,54.529469,18.537264,true,10,1,2,Plaza Gdynia Srodmiescie,1763.0585041199806,1469,1313,23,264,1164,54,1469,-156
4257,GDY066,Bernarda Chrzanowskiego 21,54.528056,18.543112,true,10,0,1,Plaza Gdynia Srodmiescie,1461.7679291820164,2761,2746,120,992,1493,264,2761,-15
4258,GDY067,Portowa N/A,54.5248354,18.5428157,true,10,2,1,Plaza Gdynia Srodmiescie,1139.5668139397478,4643,4633,338,1522,2091,776,4643,-10
4259,GDY068,Plac Kaszubski 3-10,54.5223115,18.5430401,true,10,3,1,Plaza Gdynia Srodmiescie,889.5812172275118,8629,8607,551,2352,4578,1278,8629,-22
4260,GDY069,Władysława IV 2,54.523138,18.538592,true,10,2,1,Plaza Gdynia Srodmiescie,1141.6890440342065,2112,2087,231,559,1007,330,2112,-25
4261,GDY070,Wójta Radtkego 29,54.5221026,18.5349553,true,10,2,1,Plaza Gdynia Srodmiescie,1244.6787806195462,4427,4241,602,1600,1726,614,4427,-186
4262,GDY071,Dworcowa 11A,54.5201882,18.5322656,true,10,0,3,Plaza Gdynia Srodmiescie,1294.0736744992432,17187,17418,2718,4691,6793,3362,17187,231
4263,GDY072,3 Maja 22-26,54.519455,18.535668,true,10,0,2,Plaza Gdynia Srodmiescie,1060.0912170134047,3972,3822,378,1416,1660,580,3972,-150
4264,GDY073,Władysława IV 30,54.5198483,18.5389278,true,10,6,1,Plaza Gdynia Srodmiescie,892.7819979022127,11047,11077,729,3212,5366,1926,11047,30
4265,GDY074,Świętojańska 22,54.519076,18.5422845,true,10,9,2,Plaza Gdynia Srodmiescie,664.1860226800519,11289,11448,602,2888,5401,2581,11289,159
4266,GDY075,Jerzego Waszyngtona 46/48,54.519572,18.5466471,true,10,1,2,Plaza Gdynia Srodmiescie,507.36320494381147,6853,6904,169,1740,3857,1199,6853,51
4267,GDY076,Aleja Jana Pawła II 1,54.5186946,18.5583085,true,10,0,0,Plaza Gdynia Srodmiescie,591.9191947085177,2895,2768,29,727,1754,435,2895,-127
4268,GDY077,Bulwar Nadmorski 1/40,54.5163446,18.5483987,true,10,4,1,Plaza Gdynia Srodmiescie,168.80284615629324,14193,14340,244,3157,7889,2984,14193,147
4269,GDY078,Plac Grunwaldzki 1,54.5166317,18.5434606,true,10,5,0,Plaza Gdynia Srodmiescie,482.25349524853465,6345,6604,432,1508,2960,1521,6345,259
4270,GDY079,Władysława IV 44,54.51637300378596,18.538092874670905,true,10,1,1,Plaza Gdynia Srodmiescie,820.5916687872934,7854,7558,569,2339,3866,1220,7854,-296
4271,GDY080,Żwirki i Wigury 6,54.5149468,18.5402615,true,10,9,2,Plaza Gdynia Srodmiescie,681.8928319688144,8891,8778,580,2661,4248,1547,8891,-113
4272,GDY081,Henryka Siemiradzkiego 2,54.5134244,18.5440008,true,10,0,0,Plaza Gdynia Srodmiescie,502.68903240187296,726,640,24,224,397,91,726,-86
4273,GDY082,Władysława IV 54,54.5125548,18.5375127,true,10,5,1,Plaza Gdynia Srodmiescie,922.4159735804852,5178,5041,305,1637,2501,812,5178,-137
4274,GDY083,Kielecka - droga Gdynska N/A,54.5077745,18.5341314,true,10,0,6,Plaza Gdynia Srodmiescie,1386.931330702556,15775,15074,373,3741,8820,3109,15775,-701
4275,GDY084,Władysława IV 70,54.5081265,18.5364068,true,10,2,7,Plaza Gdynia Srodmiescie,1250.087682218141,14696,14045,1243,4147,7128,2434,14696,-651
4276,GDY085,Aleja Marszałka Piłsudskiego 52,54.509144,18.5390832,true,10,3,1,Plaza Gdynia Srodmiescie,1046.5994728988753,14565,14271,800,4428,7048,2538,14565,-294
4277,GDY086,Aleja Marszałka Piłsudskiego 32,54.5084558,18.544535,true,10,2,3,Plaza Gdynia Srodmiescie,897.9067906901312,5538,5219,409,1995,2536,688,5538,-319
4278,GDY087,Augustyna Necla 17,54.51004,18.545994,true,10,3,2,Plaza Gdynia Srodmiescie,698.2516180207818,3678,3425,450,1458,1462,373,3678,-253
4279,GDY088,Ignacego Krasickiego 47,54.5080013,18.5491635,true,10,1,4,Plaza Gdynia Srodmiescie,859.9524651056631,4846,4715,294,1523,2262,848,4846,-131
4280,GDY089,Bulwar Feliksa Nowowiejskiego N/A,54.5083745,18.5537012,true,10,0,0,Plaza Gdynia Srodmiescie,834.3740937214121,8346,8049,356,2243,4157,1634,8346,-297
4281,GDY090,Juliana Ejsmonda 2,54.5027093,18.5585469,true,10,0,0,Plaza Gdynia Redlowo,292.3876496867589,5642,5475,166,1437,3033,1054,5642,-167
4282,GDY091,Stanisława Moniuszki 9,54.505636,18.548987,true,10,0,2,Plaza Gdynia Redlowo,941.4624361264327,5437,5352,663,2179,1919,801,5437,-85
4283,GDY092,Mikołaja Reja 13-5,54.505857,18.541474,true,10,1,0,Plaza Gdynia Srodmiescie,1245.6388264516486,3320,3214,656,906,1315,492,3320,-106
4284,GDY093,Legionów 67,54.502929,18.5422534,true,10,2,2,Plaza Gdynia Redlowo,1200.6462995821394,8671,8760,636,3165,3958,1133,8671,89
4285,GDY094,Harcerska 4,54.502373,18.538781,true,10,3,0,Plaza Gdynia Redlowo,1407.5454656372028,4078,3826,400,1481,1767,526,4078,-252
4286,GDY095,Aleja Zwycięstwa 90,54.4969584,18.5378403,true,10,2,3,Plaza Gdynia Redlowo,1495.3392299441641,7981,7608,382,2662,4095,991,7981,-373
4287,GDY096,Legionów 107A,54.497168,18.54161,true,10,1,0,Plaza Gdynia Redlowo,1254.2613552086646,5560,5296,715,1616,2614,722,5560,-264
4288,GDY097,Mikołaja Kopernika 67,54.4990446,18.5492728,true,10,1,2,Plaza Gdynia Redlowo,723.907559796243,2405,2147,128,1005,1059,295,2405,-258
4289,GDY098,Bohaterów Starówki Warszawskiej 3,54.494259,18.5521859,true,10,4,2,Plaza Gdynia Redlowo,849.3713855057167,6233,6255,1043,2419,2293,648,6233,22
4290,GDY099,Janusza Korczaka 16,54.4947148,18.5428019,true,10,1,0,Plaza Gdynia Redlowo,1287.1653460467237,2377,1946,187,967,990,279,2377,-431
4291,GDY100,Stryjska - Pawła Łaźniaka N/A,54.4922693,18.5387437,true,10,0,3,Plaza Gdynia Redlowo,1651.5523500617733,12009,11427,850,3736,5690,1957,12009,-582
4292,GDY101,Sportowa 10,54.496663,18.5334955,true,10,1,3,Plaza Gdynia Redlowo,1775.719504994567,13064,12723,495,2795,8447,1621,13064,-341
4293,GDY102,Łużycka 3B,54.4945457,18.5347201,true,10,0,2,Plaza Gdynia Redlowo,1769.4188082352239,4980,4658,109,960,3810,219,4980,-322
4294,GDY103,Sandomierska 5,54.486687,18.5287104,true,10,1,2,Plaza Gdynia Orlowo,2480.4132755365063,3651,3702,285,1248,1621,540,3651,51
4295,GDY104,Wieluńska 86,54.4843398,18.5159563,true,7,0,1,Plaza Gdynia Orlowo,3228.215035894667,1359,1420,182,400,624,187,1359,61
4296,GDY105,plac Górnośląski 1,54.4835805,18.5382178,true,10,0,2,Plaza Gdynia Orlowo,1797.7738475473086,6760,7003,491,2154,3459,776,6760,243
4297,GDY106,Wielkopolska 96,54.4814259,18.5313137,true,10,0,2,Plaza Gdynia Orlowo,2206.449691163141,2891,2778,250,993,1292,427,2891,-113
4299,GDY108,Lidzka 69,54.475734,18.5164222,true,10,0,2,Plaza Gdynia Orlowo,3200.548730128511,3545,3366,222,1133,1751,525,3545,-179
4300,GDY109,Strzelców 36-3,54.4766231,18.5035543,true,10,0,1,Plaza Gdynia Orlowo,4013.5416255015543,3026,2903,373,1093,1278,325,3026,-123
4302,GDY111,Parkowa 8D 8D,54.4699323,18.5185601,true,10,0,0,Plaza Kamienny Potok - Koliba,3113.5589980155723,2547,2417,351,870,1085,267,2547,-130
4303,GDY112,Inżynierska 103,54.47786,18.5466549,true,10,1,0,Plaza Gdynia Orlowo,1235.5751310828243,3005,2864,433,714,1377,533,3005,-141
4304,GDY113,Legionów 116,54.4899407,18.5450474,true,10,0,0,Plaza Gdynia Redlowo,1513.087863480103,3340,2950,194,1203,1558,439,3340,-390
4305,GDY114,Powstania Styczniowego 6,54.4896291,18.5550012,true,10,2,2,Plaza Gdynia Redlowo,1232.4128485032752,4622,4361,271,1554,2500,360,4622,-261
4306,GDY115,Aleja Zwycięstwa 1,54.4847171,18.5460291,true,10,0,1,Plaza Gdynia Orlowo,1352.4363692670997,5571,5298,301,1747,2848,759,5571,-273
4307,GDY116,Orłowska 12,54.4808078,18.5638432,true,10,5,1,Plaza Gdynia Orlowo,127.92073771413764,16896,16454,171,3926,10822,2042,16896,-442
4308,GDY117,Orłowska 86,54.4781893,18.5482586,true,10,2,0,Plaza Gdynia Orlowo,1126.8244990149756,4097,3822,292,1280,2032,568,4097,-275
4309,GDY118,Przebendowskich 49A,54.476033,18.5507798,true,10,2,0,Plaza Gdynia Orlowo,1046.233535047112,7260,7161,236,1726,4021,1369,7260,-99
4310,GDY119,Światowida 52,54.4732012,18.5543096,true,10,0,2,Plaza Gdynia Orlowo,1048.511060525955,6011,5819,187,1507,3339,1038,6011,-192
4311,GDY120,Narcyzowa 1/1,54.4999571,18.5140557,true,10,1,1,Plaza Gdynia Srodmiescie,2944.225632063421,5238,4896,853,1697,2105,685,5238,-342
4312,GDY121,Nauczycielska 6,54.4994170166498,18.503872498330672,true,10,2,1,Plaza Gdynia Srodmiescie,3525.498030262913,2102,1823,414,709,796,208,2102,-279
4313,GDY122,Małokacka 20,54.498070590643806,18.51002095916172,true,10,2,3,Plaza Gdynia Redlowo,3254.6387191149724,1057,683,162,378,467,134,1057,-374
4314,GDY123,Wielkokacka 14-25,54.495038,18.5083263,true,10,1,3,Plaza Gdynia Redlowo,3405.164871177374,3591,3275,572,1071,1494,492,3591,-316
4315,GDY124,2 Morskiego Pułku Strzelców 16-13,54.4916735,18.513955,true,10,2,0,Plaza Gdynia Redlowo,3140.900553795531,1985,1833,509,535,747,215,1985,-152
4316,GDY125,Chwarznieńska 124,54.4982509,18.497247,true,10,0,0,Plaza Gdynia Srodmiescie,3960.7079138242602,881,576,73,378,344,92,881,-305
4317,GDY126,Chwarznieńska 140A,54.5000918,18.4715139,true,10,0,2,Plaza Gdynia Srodmiescie,5401.072475874347,666,509,43,226,310,108,666,-157
4318,GDY127,Apollina 1,54.5006858,18.4573342,true,10,1,3,Plaza Gdynia Srodmiescie,6256.9908181686815,1195,946,54,396,646,128,1195,-249
4319,GDY128,Władysława Kańskiego 2D,54.4994728,18.4381231,true,10,1,0,Plaza Gdynia Srodmiescie,7491.113275181347,1181,1001,64,393,580,151,1181,-180
4320,GDY129,Jana Kamrowskiego 1C,54.4969526,18.4383309,true,10,1,2,Plaza Gdynia Srodmiescie,7550.7415256352415,1390,1159,83,438,693,187,1390,-231
4321,GDY130,Generała Mariusza Zaruskiego 10,54.4930105,18.4342826,true,10,0,1,Plaza Gdynia Srodmiescie,7930.895698925064,914,794,107,277,434,108,914,-120
4322,GDY131,Stanisława Filipkowskiego 2/U1,54.4865512,18.4280555,true,10,1,0,Plaza Gdynia Srodmiescie,8558.857902335318,1509,1289,173,379,670,302,1509,-220
4323,GDY132,Miętowa 1E,54.4741991,18.4620315,true,10,3,0,Plaza Gdynia Orlowo,6709.8302182917405,625,474,62,186,289,102,625,-151
4324,GDY133,Nowowiczlińska 45A,54.4738167,18.4655971,true,10,2,2,Plaza Gdynia Orlowo,6485.07185830069,2232,2121,276,626,957,410,2232,-111
4325,GDY134,Gorczycowa 14B,54.4722499,18.4622869,true,10,0,0,Plaza Kamienny Potok - Koliba,6668.925294906684,638,546,53,207,248,146,638,-92
4326,GDY135,Miętowa  126,54.4715668,18.4503154,true,10,0,2,Plaza Kamienny Potok - Koliba,7410.990848608904,977,934,83,309,469,137,977,-43
4327,GDY136,Kameliowa 2,54.4705898,18.4680196,true,10,0,2,Plaza Kamienny Potok - Koliba,6267.800091600599,1394,1208,136,447,577,246,1394,-186
4328,GDY137,Szafranowa 16,54.4670078,18.463714,true,10,1,0,Plaza Kamienny Potok - Koliba,6474.338375241935,813,707,67,195,441,120,813,-106
4329,GDY138,Rdestowa 150D,54.46289313978714,18.455337797434158,true,10,0,1,Plaza Kamienny Potok - Koliba,6968.400546717952,1135,956,74,292,549,238,1135,-179
4330,GDY139,Starochwaszczyńska 169,54.4557398,18.4533586,true,10,0,2,Plaza Kamienny Potok - Koliba,7093.381369962099,487,357,43,186,226,45,487,-130
4331,GDY140,Sudecka 2,54.451115,18.456508,true,10,0,0,Plaza Kamienny Potok - Koliba,6936.983028578352,213,160,38,68,88,19,213,-53
4332,GDY141,Kornela Makuszyńskiego 17F,54.4736732,18.4844179,true,10,0,1,Plaza Gdynia Orlowo,5279.923077055113,1024,798,135,348,451,105,1024,-226
4333,GDY142,Kornela Makuszyńskiego  26-2,54.4737387,18.4901497,true,10,3,1,Plaza Gdynia Orlowo,4912.200309112196,1894,1726,147,658,862,257,1894,-168
4334,GDY143,Leopolda Staffa 22,54.4739233,18.4998015,true,10,0,0,Plaza Gdynia Orlowo,4292.698202221593,1112,960,104,438,405,169,1112,-152
4335,GDY144,Strzelców 4,54.469243,18.508301,true,10,2,4,Plaza Kamienny Potok - Koliba,3709.2540786067357,4279,3493,319,1379,1966,725,4279,-786
4336,GDY145,Buraczana 26D,54.4706656,18.5022081,true,10,0,0,Plaza Kamienny Potok - Koliba,4132.573771468588,2261,1841,170,728,1037,368,2261,-420
4337,GDY146,Poli Gojawiczyńskiej 1A,54.46944137238651,18.500176197231866,true,10,2,3,Plaza Kamienny Potok - Koliba,4218.264756546061,273,145,17,84,121,52,273,-128
4338,GDY147,Kazimierza Kruczkowskiego 12,54.4718661,18.4960811,true,10,3,0,Plaza Kamienny Potok - Koliba,4550.367172912073,1110,890,133,372,492,126,1110,-220
4339,GDY148,Chwaszczyńska 10,54.470920668597984,18.490947438884746,true,10,0,3,Plaza Kamienny Potok - Koliba,4836.8650243163665,443,285,21,123,198,101,443,-158
4340,GDY149,Gryfa Pomorskiego 71,54.4678457,18.4876949,true,10,2,3,Plaza Kamienny Potok - Koliba,4961.021275171157,2657,2544,336,776,1252,342,2657,-113
4341,GDY150,Źródło Marii 19M,54.4677257,18.4933237,true,10,1,0,Plaza Kamienny Potok - Koliba,4602.126712873013,884,682,94,285,402,115,884,-202
4342,GDY151,Lipowa 56,54.4655504,18.4825506,true,10,0,2,Plaza Kamienny Potok - Koliba,5246.306426388667,1515,1282,297,539,514,180,1515,-233
4343,GDY152,Księdza Jana Pawła Siega 1C,54.4640409,18.4872628,true,10,0,0,Plaza Kamienny Potok - Koliba,4923.191079147216,582,387,70,204,264,62,582,-195
4344,GDY153,Starodworcowa 34,54.4646556,18.4968232,true,10,2,1,Plaza Kamienny Potok - Koliba,4319.086597672014,2017,1839,192,748,830,325,2017,-178
4345,SOP001,"Oskara Kolberga 11, 81-881 Sopot",54.4574017,18.5349488,true,10,2,2,Plaza Kamienny Potok - Koliba,1819.1757971448944,9040,9315,1195,3303,3707,1008,9040,275
4346,SOP002,"Kujawska 29/62, 81-862 Sopot",54.4584776,18.5475776,true,10,0,1,Plaza Kamienny Potok - Koliba,995.6524031664012,2353,2116,203,869,1031,271,2353,-237
4347,SOP003,"Wejherowska 42, 81-814 Sopot",54.4572292,18.5529934,true,10,2,5,Plaza Kamienny Potok - Koliba,674.6640289915852,15025,14263,708,3626,7871,3110,15025,-762
4348,SOP004,"Józefa Kraszewskiego 26, 81-815 Sopot",54.4540529,18.548997,true,10,1,2,Plaza Kamienny Potok - Koliba,1059.3435388098055,6334,6313,1008,2092,2552,837,6334,-21
4349,SOP005,"Powstańców Warszawy 80, 81-712 Sopot",54.4538491,18.5625128,true,10,1,0,Plaza Kamienny Potok - Koliba,579.0037917960636,13607,12787,194,3567,7862,2087,13607,-820
4350,SOP006,"Jakuba Goyki 10A, 81-707 Sopot",54.4487654,18.5623556,true,10,1,0,Plaza Sopot,513.4984852587714,5345,4853,177,1562,2821,876,5345,-492
4351,SOP007,"Powstańców Warszawy 9, 81-764 Sopot",54.4458123,18.568029,true,10,11,1,Plaza Sopot,270.29447424295563,10130,9907,449,2195,5070,2522,10130,-223
4352,SOP008,"Plac Zdrojowy 2, 81-720 Sopot",54.4452261,18.5709993,true,10,3,0,Plaza Sopot,302.6970878486628,44891,46747,596,9852,24718,9917,44891,1856
4353,SOP009,"Bohaterów Monte Cassino 51, 81-767 Sopot",54.4440151,18.5661953,true,10,22,0,Plaza Sopot,502.65879622963877,6183,6102,349,1553,2667,1674,6183,-81
4354,SOP010,"plac Konstytucji 3 Maja 1, 81-753 Sopot",54.4429906,18.5632061,true,10,5,0,Plaza Sopot,707.5174966752047,7932,7555,387,1731,3715,2238,7932,-377
4355,SOP011,"Kolejowa 2, 81-835 Sopot",54.4408562,18.561557,true,10,4,0,Plaza Sopot,960.9864437226922,5483,5225,281,1298,2723,1313,5483,-258
4356,SOP012,"Tadeusza Kościuszki 22/24, 81-704 Sopot",54.4399963,18.5642502,true,10,2,1,Plaza Sopot,958.7118545372994,6419,6217,353,1933,3046,1230,6419,-202
4357,SOP013,"Marynarzy 2, 81-835 Sopot",54.4393091,18.5632453,true,10,1,3,Plaza Sopot,1055.092637109826,4419,4291,413,1393,1924,823,4419,-128
4358,SOP014,"Fryderyka Chopina, 81-752 Sopot",54.4425284,18.5704254,true,10,3,2,Plaza Sopot,597.9963661595978,7490,7287,535,1890,3359,1787,7490,-203
4359,SOP015,"3 Maja 7/4, 81-729 Sopot",54.4384383,18.5730227,true,10,1,1,Plaza Sopot,1068.7140202862793,11309,10715,755,3729,5544,1447,11309,-594
4360,SOP016,"Króla Jana Kazimierza 4C, 81-742 Sopot",54.43516821275696,18.56674754464484,true,10,3,1,Plaza Sopot,1433.237593894197,4636,4350,321,1434,2265,716,4636,-286
4361,SOP017,"23 Marca 91/50, 81-820 Sopot",54.4476991,18.5408644,true,10,3,3,Plaza Sopot,1894.1162527000915,6566,6898,723,2705,2643,625,6566,332
4362,SOP018,"Armii Krajowej 99, 81-824 Sopot",54.441974,18.5570092,true,10,2,3,Plaza Sopot,1075.9512801693188,11304,10767,583,3003,5731,2180,11304,-537
4363,SOP019,"Adama Mickiewicza 46, 81-834 Sopot",54.439403,18.5469075,true,10,0,1,Plaza Sopot,1775.9017997864735,3965,3796,421,1431,1677,535,3965,-169
4364,SOP020,"Generała Józefa Wybickiego 48, 81-842 Sopot",54.4363201,18.5518686,true,10,0,0,Plaza Sopot,1748.680394565573,1923,1888,233,691,868,147,1923,-35
4365,SOP021,"Aleja Niepodległości 702, 81-853 Sopot",54.4336343,18.5613244,true,10,0,2,Plaza Sopot,1686.428797993015,5001,4756,443,1414,2418,830,5001,-245
4366,SOP022,"Aleja Niepodległości 677 C, 81-854 Sopot",54.43075591295741,18.561175301752257,true,10,1,2,Plaza Sopot,1993.3177739503635,5345,5223,483,1753,2610,658,5345,-122
4367,SOP023,"Rzemieślnicza 3, 81-855 Sopot",54.4298981,18.5633059,true,10,1,0,Plaza Sopot,2050.628700155773,2886,2860,130,1094,1411,331,2886,-26
4368,SOP024,"Karlikowo, 81-701 Sopot",54.4306453,18.5659911,true,10,1,0,Plaza Sopot,1937.91897289389,4340,4257,821,1535,1616,470,4340,-83
4369,SOP025,"Skarpowa 10, 81-701 Sopot",54.4350527,18.5721904,true,10,1,0,Plaza Sopot,1435.034328417338,5644,5408,367,1947,2804,657,5644,-236
4370,SOP026,"Aleja Wojska Polskiego, 81-769 Sopot",54.4329215,18.5862395,true,10,2,0,Plaza Jelitkowo,1076.2172829742199,17363,16576,248,4194,10021,2987,17363,-787
4371,SOP027,"Hestii 3, 81-731 Sopot",54.4308625,18.5864688,true,10,0,0,Plaza Jelitkowo,917.2862944559519,8510,8352,148,1837,5608,1052,8510,-158
4372,SOP028,"Karlikowo, 81-701 Sopot",54.42584,18.5777089,true,10,0,0,Plaza Jelitkowo,1316.8168056488942,3034,2947,85,837,1308,840,3034,-87
4373,PRU001,"Grunwaldzka 1, 83-000 Pruszcz Gdański",54.2700477,18.6383083,true,10,0,2,Plaza Stogi,13329.49680355472,830,682,53,156,417,229,830,-148
4374,PRU002,"Stefana Rogozińskiego 5/S5, 83-000 Pruszcz Gdański",54.27069,18.62816,true,10,0,0,Plaza Stogi,13555.395042054313,1597,1307,398,583,454,206,1597,-290
4375,PRU003,"Jana z Kolna 4, 83-000 Pruszcz Gdański",54.2679784,18.6281948,true,20,1,1,Plaza Stogi,13822.688860681403,7687,7771,1790,2225,2724,1080,7687,84
4376,PRU004,"Cicha 6, 83-000 Pruszcz Gdański",54.26056069184702,18.625219324723616,true,10,0,1,Plaza Stogi,14647.238380547202,5540,5322,1257,1596,1992,833,5540,-218
4377,PRU005,Spokojna/Ogrodowa,54.257598776333026,18.62428196342296,true,10,0,0,Plaza Stogi,14970.120182906803,1197,1095,208,461,435,130,1197,-102
4378,PRU006,"Wojska Polskiego 3, 83-000 Pruszcz Gdański",54.2600199,18.6339026,true,10,1,1,Plaza Stogi,14463.276863141224,4000,3885,618,900,1645,877,4000,-115
4379,PRU007,"Krótka 2, 83-000 Pruszcz Gdański",54.2624929,18.6363939,true,10,3,2,Plaza Stogi,14146.326761279066,3934,3783,453,1171,1704,690,3934,-151
4380,PRU008,"Aleja Księdza Józefa Waląga 3, 83-004 Pruszcz Gdański",54.2610248,18.638354,true,20,3,2,Plaza Stogi,14245.44439284974,2902,2801,269,797,1460,427,2902,-101
4381,PRU009,"ul. Chopina 34, 83-000 Pruszcz Gdański",54.26115,18.643427,true,10,0,0,Plaza Stogi,14106.605255882636,542,515,45,75,316,110,542,-27
4382,PRU010,"Dworcowa 1, 83-004 Pruszcz Gdański",54.2584539,18.6454008,true,20,0,1,Plaza Stogi,14338.90017528384,10001,9743,1164,2366,5547,1200,10001,-258
4383,PRU011,"Polskich Kolejarzy 7/i 8, 83-000 Pruszcz Gdański",54.2584094,18.6478168,true,10,1,1,Plaza Stogi,14288.167001270702,6703,6555,582,1473,3945,836,6703,-148
4384,PRU012,"Juliana Ursyna Niemcewicza 1, 83-000 Pruszcz Gdański",54.2612003,18.6506886,true,10,1,1,Plaza Stogi,13932.482990807152,3045,2898,176,771,1613,564,3045,-147
4385,PRU013,"Milenijna 3-1, 83-004 Pruszcz Gdański",54.267165,18.653649,true,10,0,2,Plaza Stogi,13243.639218455612,1450,1358,317,365,560,231,1450,-92
4386,PRU014,"Huberta Wagnera 1A, 83-000 Pruszcz Gdański",54.267799737935974,18.67226873287001,true,10,1,1,Plaza Stogi,12806.033925127516,1223,960,129,354,565,184,1223,-263
4387,PRU015,"Wacława Rzewuskiego 1, 83-000 Pruszcz Gdański",54.265724,18.663455,true,10,0,2,Plaza Stogi,13189.15514508432,2235,2188,429,614,815,424,2235,-47
4388,PRU016,"Azaliowa 1/C/6, 83-000 Pruszcz Gdański",54.2635812,18.6645543,true,10,0,1,Plaza Stogi,13395.734980109886,3531,3453,394,859,1524,806,3531,-78
4389,PRU017,"Jana Kasprowicza 11, 83-004 Pruszcz Gdański",54.2644746,18.669083,true,10,1,2,Plaza Stogi,13217.720432244352,1694,1651,156,633,697,232,1694,-43
4390,PRU018,"Józefa Konrada Korzeniowskiego 66, 83-004 Pruszcz Gdański",54.2602137,18.6730361,true,10,1,1,Plaza Stogi,13609.023300404373,3101,3127,283,963,1406,498,3101,26
4391,PRU019,"Jarosława Dąbrowskiego 79, 83-000 Pruszcz Gdański",54.256028,18.672408,true,10,0,0,Plaza Stogi,14070.437278370928,1922,1941,283,721,695,270,1922,19
4392,PRU020,"Andrzeja Frycza-Modrzewskiego 17, 83-000 Pruszcz Gdański",54.259134,18.664409,true,10,0,0,Plaza Stogi,13872.349190813411,1846,1889,187,528,774,372,1846,43
4393,PRU021,"Jarosława Dąbrowskiego 26, 83-000 Pruszcz Gdański",54.257259,18.6600407,true,10,0,1,Plaza Stogi,14153.757879412298,1301,1239,138,347,637,199,1301,-62
4394,PRU022,"Generała Władysława Sikorskiego 33, 83-000 Pruszcz Gdański",54.246677,18.6513593,true,10,0,1,Plaza Stogi,15445.666491626824,2424,2375,353,978,859,256,2424,-49
4395,PRU023,"Wojska Polskiego 34, 83-000 Pruszcz Gdański",54.2575065,18.6330522,true,10,2,0,Plaza Stogi,14741.241170849482,1623,1447,277,432,629,310,1623,-176
4396,PRU024,"Matejki 3, 83-000 Pruszcz Gdański",54.2546534,18.6370144,true,10,1,0,Plaza Stogi,14932.625421514422,1046,978,82,443,402,153,1046,-68
4397,PRU025,"Nad Radunią 26, 83-000 Pruszcz Gdański",54.263468,18.635283,true,10,1,1,Plaza Stogi,14076.685917197907,275,235,16,74,158,33,275,-40
4398,PRU026,"Ignacego Łukasiewicza 3, 83-004 Pruszcz Gdański",54.2494092,18.637784,true,10,0,2,Plaza Stogi,15455.393048167914,1421,1325,78,265,994,137,1421,-96
4399,PRU027,"Zastawna, 83-004 Pruszcz Gdański",54.2525819,18.6287567,true,10,1,0,Plaza Stogi,15354.849268120386,1236,1115,147,258,589,257,1236,-121
4400,PRU028,"Grunwaldzka 117, 83-000 Pruszcz Gdański",54.240313,18.630609,true,10,0,0,Plaza Stogi,16567.258971485175,1189,1053,93,277,738,88,1189,-136
4401,PRU029,"Tczewska 2, 83-000 Pruszcz Gdański",54.2408017,18.6167293,true,30,0,1,Plaza Stogi,16869.82652509914,5430,5120,1231,781,2357,1142,5430,-310
4402,TCZ001,"Topolowa 23, 83-110 Tczew",54.100651158347176,18.772214247789833,true,10,1,0,Plaza Gdansk Orle,28361.77521036697,1637,1529,515,377,509,270,1637,-108
4403,TCZ002,"Armii Krajowej 35, 83-110 Tczew",54.0985671,18.7645118,true,10,4,0,Plaza Gdansk Orle,28708.459457621233,1584,1575,182,450,665,327,1584,-9
4404,TCZ003,"Harcerska 2, 83-110 Tczew",54.0971742,18.7598077,true,10,0,0,Plaza Gdansk Orle,28936.229550609278,264,267,19,59,107,91,264,3
4405,TCZ004,"Władysława Jagiełły 4d, 83-110 Tczew",54.0955376,18.7648851,true,10,0,0,Plaza Gdansk Orle,29028.751176355294,1203,1177,172,411,468,202,1203,-26
4406,TCZ005,"Jagiellońska 55, 83-100 Tczew",54.0917583,18.7620241,true,10,5,0,Plaza Gdansk Orle,29482.09834134668,920,869,19,202,516,193,920,-51
4407,TCZ006,Biedronka Kwiatowa/Sadowa,54.1007642,18.779643,true,10,1,0,Plaza Gdansk Orle,28239.40484588443,1472,1373,103,448,716,248,1472,-99
4408,TCZ007,"Królowej Marysieńki 10, 83-110 Tczew",54.0955798238688,18.776940494469244,true,10,1,0,Plaza Gdansk Orle,28840.529298343386,53,7,7,19,49,9,53,-46
4409,TCZ008,"Jana Brzechwy 2, 83-110 Tczew ""Plac Zabaw Osiedle Bajkowe""",54.0896164,18.7672997,true,10,0,0,Plaza Gdansk Orle,29629.750499684258,1164,1049,101,269,514,317,1164,-115
4410,TCZ009,"Christiana Andersena 9, 83-100 Tczew",54.0889099,18.7723626,true,10,0,0,Plaza Gdansk Orle,29630.079605969546,1867,1732,341,448,740,404,1867,-135
4411,TCZ010,"Kazimierza Wielkiego 11, 83-110 Tczew",54.0836696,18.7773026,true,10,0,0,Plaza Gdansk Orle,30128.622442922744,619,625,74,178,293,98,619,6
4412,TCZ011,"Spółdzielcza 1c, 83-110 Tczew",54.1028432,18.802941,true,10,2,0,Plaza Gdansk Orle,27717.419419142912,1036,1098,76,317,469,200,1036,62
4413,TCZ012,okolice Sklep spożywczo monopolowy Elżbiety/Kolejowa/Mostowa,54.0958415,18.7930664,true,10,0,0,Plaza Gdansk Orle,28597.972859254784,658,577,50,117,241,277,658,-81
4414,TCZ013,"Pomorska 4, 83-110 Tczew",54.0963053,18.7897597,true,10,0,4,Plaza Gdansk Orle,28588.297423387383,7652,6961,732,1765,3514,1875,7652,-691
4415,TCZ014,"Jedności Narodu 22, 83-110 Tczew",54.0970839,18.7816266,true,10,2,0,Plaza Gdansk Orle,28611.112908034866,1330,1209,130,433,523,277,1330,-121
4416,TCZ015,"Aleja Zwycięstwa 16, 83-110 Tczew",54.0936239,18.7861984,true,10,1,0,Plaza Gdansk Orle,28926.29264632813,1120,907,120,212,448,401,1120,-213
4417,TCZ016,Rondo Spółdzielców Tczew,54.09280596482816,18.78201958500921,true,10,1,0,Plaza Gdansk Orle,29070.8247158209,1430,1295,179,362,578,337,1430,-135
4418,TCZ017,"Bulwar Nadwiślański, 83-110 Tczew",54.0906907,18.8024598,true,10,0,0,Plaza Gdansk Orle,29055.253911099768,1646,1680,86,401,895,295,1646,34
4419,TCZ018,"Plac Generała Józefa Hallera 23/5, 83-110 Tczew",54.0870854,18.7995413,true,10,7,0,Plaza Gdansk Orle,29481.973800990243,1401,1330,102,397,577,373,1401,-71
4420,TCZ019,"Jarosława Dąbrowskiego 7A, 83-110 Tczew",54.0869246,18.7954243,true,10,3,0,Plaza Gdansk Orle,29545.426542642224,1409,1206,110,460,586,289,1409,-203
4421,TCZ020,"30 Stycznia 61, 83-110 Tczew",54.0855634,18.7933738,true,10,2,1,Plaza Gdansk Orle,29718.04158008935,2240,1968,333,667,943,363,2240,-272
4422,TCZ021,"Wojska Polskiego 28a, 83-100 Tczew",54.0884483,18.787843,true,10,0,0,Plaza Gdansk Orle,29469.657168252415,1041,1021,88,257,443,283,1041,-20
4423,TCZ022,"Grunwaldzka 1, 83-110 Tczew",54.0882285,18.7829221,true,10,2,0,Plaza Gdansk Orle,29556.929318160957,782,763,76,178,408,140,782,-19
4424,TCZ023,"Parkowa 1, 83-110 Tczew",54.0821782,18.8022202,true,10,0,0,Plaza Gdansk Orle,29992.107540247787,847,832,50,245,482,97,847,-15
4425,TCZ024,"Ceglarska 6, 83-110 Tczew",54.0750583,18.8063239,true,10,0,0,Plaza Gdansk Orle,30734.12016650029,239,295,17,42,127,61,239,56
4426,TCZ025,"Czyżykowska 68, 83-110 Tczew",54.0773158,18.8005084,true,10,5,1,Plaza Gdansk Orle,30543.637000590745,988,1108,196,247,361,225,988,120
4427,TCZ026,"Genbema 22, 83-110 Tczew",54.0775323,18.7893946,true,10,0,2,Plaza Gdansk Orle,30643.195876264013,894,773,185,240,335,172,894,-121
4428,TCZ027,"Lewiatan Malczewskiego/Kamila Norwida/Józefa Chełmońskiego, 83-110 Tczew",54.07329,18.7743485,true,10,0,0,Plaza Gdansk Orle,31297.529006992798,1012,1012,113,222,394,305,1012,0
4429,TCZ028,"Bartosza Głowackiego 57, 83-110 Tczew",54.0678073,18.7676508,true,10,2,0,Plaza Gdansk Orle,31986.403488542794,1114,1190,146,294,476,211,1114,76
4430,RUM001,ul. 1 Maja,54.5836756,18.3950614,true,10,0,0,Plaza Gdynia Babie Doly,9504.64703634316,875,979,158,211,325,214,875,104
4431,RUM002,Żwirki i Wigury 48,54.5822756,18.3862824,true,10,0,1,Plaza Gdynia Babie Doly,10073.545453425153,3657,3250,362,1135,1605,605,3657,-407
4432,RUM003,Gniewowska 26,54.5778746,18.3916996,true,10,0,2,Plaza Gdynia Babie Doly,9751.304739532306,1156,1112,212,308,459,198,1156,-44
4433,RUM004,Dębogórska 2,54.5779567,18.400233,true,10,0,1,Plaza Gdynia Babie Doly,9202.424612066116,2696,2737,267,932,1129,448,2696,41
4434,RUM005,ul. Żwirki i Wigury 23,54.5747553,18.3873328,true,10,0,0,Plaza Gdynia Babie Doly,10064.663976869586,1108,929,88,262,543,246,1108,-179
4435,RUM006,ul. Adama Mickiewicza 19,54.5737509,18.395466,true,10,1,0,Plaza Gdynia Babie Doly,9557.684404436166,821,729,38,194,420,186,821,-92
4436,RUM007,ul. Czesława Miłosza 5-1,54.5730792,18.400324,true,10,2,2,Plaza Gdynia Babie Doly,9257.529976947371,791,757,48,281,381,117,791,-34
4437,RUM008,ul. Generała Henryka Dąbrowskiego 13,54.5696349,18.3921521,true,10,3,1,Plaza Gdynia Babie Doly,9837.846916320497,1630,1553,90,356,881,357,1630,-77
4438,RUM009,ul. Towarowa 23/2,54.5686224,18.3866423,true,10,0,7,Plaza Gdynia Babie Doly,10207.214729989486,1103,968,81,179,568,303,1103,-135
4439,RUM010,ul. Starowiejska 2,54.56934737323832,18.388234657005157,true,10,0,9,Plaza Gdynia Babie Doly,10092.113059377372,4955,4531,297,1091,2759,925,4955,-424
4440,RUM011,ul. Jana III Sobieskiego 7C,54.5651395,18.3921923,true,10,0,1,Plaza Gdynia Babie Doly,9933.509785035758,1191,932,66,267,708,164,1191,-259
4441,RUM012,ul. Sabata 24,54.562768,18.385873,true,10,0,1,Plaza Gdynia Babie Doly,10390.417773071104,1404,1314,240,459,563,174,1404,-90
4442,RUM013,ul. Marszałka Józefa Piłsudskiego 122,54.5755007,18.4086281,true,10,0,2,Plaza Gdynia Babie Doly,8691.73180470494,2536,2485,424,781,1005,370,2536,-51
4443,RUM014,ul. Dębogórska 84d,54.573553,18.4157027,true,10,0,1,Plaza Gdynia Babie Doly,8269.248544666694,6628,6962,1193,2097,2572,942,6628,334
4444,RUM015,ul. Marszałka Józefa Piłsudskiego 30,54.5673748,18.3984861,true,10,1,0,Plaza Gdynia Babie Doly,9484.163315174512,1591,1544,148,460,786,242,1591,-47
4445,RUM016,ul. Poznańska,54.5676432,18.4065929,true,10,0,0,Plaza Gdynia Babie Doly,8966.862884218288,1491,1415,354,456,530,182,1491,-76
4446,RUM017,ul. Gdańska 39,54.5680738,18.4119632,true,10,0,1,Plaza Gdynia Babie Doly,8618.464776016604,2331,2293,453,635,896,393,2331,-38
4447,RUM018,ul. Chylońska 10,54.5660762,18.4167992,true,10,4,0,Plaza Gdynia Babie Doly,8366.925051435548,3356,3409,771,1019,1279,402,3356,53
4448,RUM019,ul. Bydgoska 10,54.5632226,18.4052811,true,10,1,0,Plaza Gdynia Babie Doly,9165.95320590254,777,735,187,185,292,133,777,-42
4449,RUM020,ul. Generała Henryka Dąbrowskiego 109,54.5641762,18.4100579,true,10,2,2,Plaza Gdynia Babie Doly,8840.989016222178,2596,2492,342,729,1203,396,2596,-104
4450,RUM021,ul. Stoczniowców 9D,54.5612224,18.413651,true,10,0,0,Plaza Gdynia Babie Doly,8710.78552204009,1913,1768,396,572,700,293,1913,-145
4451,RUM022,Gdańska 39/9,54.5591319,18.4066741,true,10,0,3,Plaza Gdynia Babie Doly,9210.17218270733,5569,5318,260,900,3715,757,5569,-251
4452,RUM023,ul. Jana III Sobieskiego 73,54.5585124,18.4055934,true,10,0,4,Plaza Gdynia Babie Doly,9297.894418978187,1250,1030,51,214,769,326,1250,-220
4453,RED001,Rekowska 2,54.6315535,18.3621039,true,10,0,2,Plaza Gdynia Babie Doly,12732.456065487233,762,634,45,221,335,176,762,-128
4454,RED002,Długa 49A,54.6259918,18.3524734,true,10,0,2,Plaza Gdynia Babie Doly,13072.180638777429,1306,1246,121,412,583,220,1306,-60
4455,RED003,Pucka 58D,54.6158258,18.345769,true,10,0,2,Plaza Gdynia Babie Doly,13137.460512549325,2409,2328,171,688,990,591,2409,-81
4456,RED004,ul. Kwiatowa,54.6138901,18.3334569,true,10,0,1,Plaza Gdynia Babie Doly,13852.578922568318,1159,1110,143,438,412,176,1159,-49
4457,RED005,ul. Brzozowa 22,54.6108773,18.3531126,true,10,1,2,Plaza Gdynia Babie Doly,12543.713338295653,1552,1488,135,485,686,271,1552,-64
4458,RED006,Olimpijska 5,54.6068071,18.3634034,true,10,0,2,Plaza Gdynia Babie Doly,11798.095552560757,2588,2497,446,843,969,349,2588,-91
4459,RED007,Tenisowa 5,54.6050585,18.3556925,true,10,3,0,Plaza Gdynia Babie Doly,12247.355228146036,1237,1214,128,324,544,265,1237,-23
4460,RED008,ul. Torowa 2-4,54.6043978,18.3183416,true,10,0,1,Plaza Gdynia Babie Doly,14608.007799983816,503,430,29,103,285,86,503,-73
4461,RED009,ul. Łąkowa 1,54.6033711,18.3505569,true,10,4,3,Plaza Gdynia Babie Doly,12540.60462782127,1148,1059,101,295,555,217,1148,-89
4462,RED010,ul. Księcia Poniatowskiego 1,54.6000856,18.3521634,true,10,1,1,Plaza Gdynia Babie Doly,12383.489894438202,263,221,36,49,120,67,263,-42
4463,RED011,Aleja Jana Pawła II 30,54.6023066,18.355582,true,10,2,2,Plaza Gdynia Babie Doly,12202.100371953351,1673,1612,149,475,791,292,1673,-61
4464,RED012,ul. Aleksandra Zawadzkiego 12,54.5974469,18.3559434,true,10,4,0,Plaza Gdynia Babie Doly,12105.020721329138,1067,991,49,211,560,259,1067,-76
4465,RED013,Gniewowska 26,54.5968147,18.344459,true,10,1,2,Plaza Gdynia Babie Doly,12832.740906651317,558,523,134,148,241,46,558,-35
4466,RED014,ul. Leśna,54.5955065,18.3523613,true,10,0,3,Plaza Gdynia Babie Doly,12311.740912775664,455,420,27,58,325,76,455,-35
4467,RED015,Reda Dworzec PKP,54.5953735,18.3533513,true,10,0,5,Plaza Gdynia Babie Doly,12246.845062282455,3091,2949,123,734,1692,555,3091,-142
4468,RED016,Osiedle Przy Młynie,54.5948049,18.3611769,true,10,2,3,Plaza Gdynia Babie Doly,11738.994907441158,4531,3881,315,1160,2202,896,4531,-650
4469,RED017,ul. Gniewowska 76,54.591846,18.336109,true,10,1,2,Plaza Gdynia Babie Doly,13324.64197628838,88,81,17,19,45,7,88,-7
4470,PUC001,"Ścieżka Rowerowa R10, 84-100 Puck",54.724527,18.4027031,true,10,0,0,Plaza Gdynia Babie Doly,17957.175311005238,156,142,1,47,92,19,156,-14
4471,PUC002,Żeglarzy 17,54.7229078,18.4101002,true,10,1,0,Plaza Gdynia Babie Doly,17566.004706635846,228,217,6,88,113,21,228,-11
4472,PUC003,1 Maja 1,54.7206806,18.4115054,true,10,9,0,Plaza Gdynia Babie Doly,17305.750892234882,356,337,13,99,196,54,356,-19
4473,PUC004,Stary Rynek 2,54.7204325,18.4115341,true,10,8,0,Plaza Gdynia Babie Doly,17280.77511755405,326,309,9,93,160,64,326,-17
4474,PUC005,aleja Lipowa 3a,54.7211789,18.4184943,true,10,0,0,Plaza Gdynia Babie Doly,17140.24822255507,725,711,16,215,396,100,725,-14
4475,PUC006,ul. 10 Lutego 40,54.7194709,18.4001744,true,10,0,1,Plaza Gdynia Babie Doly,17557.465680327565,412,347,14,98,235,85,412,-65
4476,PUC007,Nowa 11,54.7167051,18.4037605,true,10,0,1,Plaza Gdynia Babie Doly,17174.936262087667,280,243,26,64,137,68,280,-37
4477,PUC008,Dworcowa 7,54.71598,18.4089489,true,10,0,2,Plaza Gdynia Babie Doly,16934.32252910803,750,731,35,192,290,268,750,-19
4478,PUC009,Majkowskiego 18-20,54.7140553,18.4156572,true,10,0,0,Plaza Gdynia Babie Doly,16533.070385116855,593,544,59,242,245,59,593,-49
4479,PUC010,ul. Wybickiego,54.7129099,18.4203879,true,10,0,0,Plaza Gdynia Babie Doly,16273.341645738008,138,105,10,46,72,13,138,-33
4480,PUC011,ul. Nowy Świat,54.7152682,18.4302406,true,10,1,0,Plaza Gdynia Babie Doly,16211.068295372266,376,341,27,129,180,47,376,-35
4481,PUC012,Kaszubska 1,54.7103439,18.4119081,true,10,0,0,Plaza Gdynia Babie Doly,16298.74301066381,295,236,8,102,137,58,295,-59
4482,PUC013,ul. Dziedzictwa Jana Pawła II 12,54.7116056,18.4032593,true,10,0,0,Plaza Gdynia Babie Doly,16710.719160264784,92,76,2,25,45,22,92,-16
4483,PUC014,Wejherowska 45,54.7097114,18.3958439,true,10,0,1,Plaza Gdynia Babie Doly,16796.829021100417,1033,973,172,405,315,183,1033,-60
4484,WLA001,"Kopernika 13, 84-105 Władysławowo",54.829079,18.210238,true,10,1,0,Plaza Gdynia Babie Doly,34551.73348902818,607,558,19,206,308,81,607,-49
4485,WLA002,"Karwieńska 6, 84-105 Ostrowo",54.824806,18.24325,true,10,3,0,Plaza Gdynia Babie Doly,32897.04196055038,356,349,1,111,202,42,356,-7
4486,WLA003,"Rozewska 1, 84-104 Jastrzębia Góra",54.833472,18.30275,true,10,2,0,Plaza Gdynia Babie Doly,31656.497851618155,1211,1170,42,377,591,207,1211,-41
4487,WLA004,"Pucka 8, 84-104 Władysławowo",54.825892,18.310976,true,10,0,0,Plaza Gdynia Babie Doly,30663.73749122434,328,286,35,107,131,64,328,-42
4488,WLA005,"Osiedlowa 34, 84-104 Władysławowo",54.820737,18.338996,true,10,0,0,Plaza Gdynia Babie Doly,29318.123081914946,415,377,48,154,165,54,415,-38
4490,WLA007,"Władysławowska 59, 84-120 Chłapowo",54.803806,18.372361,true,10,0,1,Plaza Gdynia Babie Doly,26699.643256609623,1172,1120,219,400,413,164,1172,-52
4491,WLA008,"Żeromskiego 52, 84-120 Władysławowo",54.800216472560315,18.39310219442976,true,10,2,0,Plaza Gdynia Babie Doly,25811.157402388784,829,793,27,190,420,212,829,-36
4492,WLA009,"Jachtowa, 84-120 Władysławowo",54.796113,18.386197,true,10,0,0,Plaza Gdynia Babie Doly,25559.58837430586,245,200,28,81,76,72,245,-45
4493,WLA010,"Żeromskiego 32, 84-120 Władysławowo",54.79644,18.395869,true,10,1,0,Plaza Gdynia Babie Doly,25355.387424507986,674,613,19,134,310,218,674,-61
4495,WLA012,"Przybys 13, 84-120 Władysławowo",54.787778,18.398778,true,10,0,0,Plaza Gdynia Babie Doly,24392.824889396263,225,197,9,69,99,50,225,-28
4496,WLA013,"Krasickiego 1, 84-120 Władysławowo",54.785474,18.397478,true,10,0,0,Plaza Gdynia Babie Doly,24188.115637155202,457,420,41,132,168,124,457,-37
4497,WLA014,"Hryniewieckiego 3, 84-120 Władysławowo",54.796917,18.410389,true,10,0,0,Plaza Gdynia Babie Doly,25073.307646239442,1087,1043,49,260,579,212,1087,-44
4498,WLA015,"Hallera 19, 84-120 Władysławowo",54.7939736,18.4093081,true,10,2,1,Plaza Gdynia Babie Doly,24789.635725874865,740,699,31,195,351,173,740,-41
4499,WLA016,"Portowa 15, 84-120 Władysławowo",54.7939086,18.4162915,true,10,1,1,Plaza Gdynia Babie Doly,24631.363640445237,437,353,23,136,199,81,437,-84
4500,WLA017,"Portowa 2a, 84-120 Władysławowo",54.78949297920764,18.414542114524238,true,10,0,0,Plaza Gdynia Babie Doly,24206.457125485766,1248,1167,25,364,610,265,1248,-81
4501,WLA018,"Gdańska 23, 84-120 Władysławowo",54.786667,18.407083,true,10,0,1,Plaza Gdynia Babie Doly,24080.458467872377,244,206,8,93,105,43,244,-38
4502,WLA019,"Bohaterów Kaszubskich 66, 84-120 Władysławowo",54.783889,18.415083,true,10,0,1,Plaza Gdynia Babie Doly,23609.48240442301,561,518,11,214,251,91,561,-43
4503,WLA020,"Kaperska 4, 84-120 Chałupy",54.759972,18.505361,true,10,1,0,Plaza Gdynia Babie Doly,19628.87777515821,1593,1465,29,481,894,194,1593,-128
4504,ZUK001,"Gdyńska 50, 80-209 Chwaszczyno",54.442393,18.417663,true,10,0,1,Plaza Kamienny Potok - Koliba,9573.5425283585,798,747,108,157,393,171,798,-51
4505,ZUK002,"Borowiecka 2, 80-297 Banino",54.393075,18.402382,true,10,0,2,Plaza Sopot,12449.59162985692,1770,1252,182,554,803,250,1770,-518
4506,ZUK003,"Armii Krajowej 2e, 83-330 Żukowo",54.350491,18.370298,true,10,2,1,Plaza Sopot,16872.930045365618,960,707,176,250,381,173,960,-253
4507,ZUK004,"Gdyńska 13, 83-330 Żukowo",54.3438508,18.3639135,true,10,2,0,Plaza Sopot,17667.174421563443,486,421,21,123,234,133,486,-65
4508,ZUK005,"Gdańska 52, 83-330 Żukowo",54.3425967,18.3589207,true,10,1,1,Plaza Sopot,18003.228353830156,693,500,35,160,326,200,693,-193
4509,KAR001,Długa 36,54.3566612,18.2174837,true,10,1,0,Plaza Sopot,24980.178223263953,301,276,42,86,132,43,301,-25
4510,KAR002,Szkolna 1,54.3565357,18.1693448,true,10,1,0,Plaza Sopot,27861.29810808472,186,194,5,61,84,39,186,8
4511,KAR003,Kartuska 29b,54.3460079,18.1306217,true,10,1,0,Plaza Sopot,30625.852299012346,229,266,1,60,139,29,229,37
4512,KAR004,Prokowska 40,54.3431258,18.1852807,true,10,0,0,Plaza Sopot,27504.954441100814,806,787,136,285,341,80,806,-19
4513,KAR005,Mściwoja II 13,54.3404064,18.2022379,true,10,1,0,Plaza Sopot,26649.59921398095,295,256,13,91,161,48,295,-39
4514,KAR006,Nowe Osiedle 1,54.3393403,18.1982383,true,10,0,0,Plaza Sopot,26934.471283817995,190,170,7,58,92,39,190,-20
4515,KAR007,Klasztorna 18,54.3359401,18.1911066,true,10,1,0,Plaza Sopot,27517.872381871144,399,371,45,110,200,59,399,-28
4516,KAR008,"Promenada Asesora - Parking ""Szpaner Plac""",54.3339493,18.1955964,true,10,0,1,Plaza Sopot,27361.296563486,921,820,81,203,490,169,921,-101
4517,KAR009,Kolejowa 4,54.3344869,18.2058112,true,10,1,4,Plaza Sopot,26748.530138549308,1801,1705,85,515,926,315,1801,-96
4518,KAR010,Gdańska 26,54.3297365,18.2043216,true,10,1,0,Plaza Sopot,27087.083582816053,263,200,19,63,142,47,263,-63
4519,KAR011,Ogródków Działkowych 22,54.3298553,18.1864661,true,10,0,0,Plaza Sopot,28097.425736635785,618,598,216,124,240,62,618,-20
4520,KAR012,Gen. Józefa Wybickiego 36,54.3259992,18.1945303,true,10,2,0,Plaza Sopot,27844.061883157774,1272,1225,293,280,512,214,1272,-47
4521,KAR013,Polna 17,54.3240751,18.183442,true,10,1,0,Plaza Sopot,28576.332601175673,173,150,21,31,98,25,173,-23
4522,KAR014,"Gdańska 8, 83-332 Borowo",54.3176983,18.2863572,true,10,1,2,Plaza Sopot,23395.839853351208,268,203,19,88,118,45,268,-65
4523,KAR015,"Kartuska 22, 83-332 Dzierżążno",54.3161093,18.2672024,true,10,0,0,Plaza Sopot,24487.908837689894,470,355,33,158,250,40,470,-115
4524,KAR016,"ks. Antoniego Arasmusa 2b, 83-307 Kiełpino",54.2896929,18.22579,true,10,1,1,Plaza Sopot,28409.778786768544,520,390,19,118,276,119,520,-130
4525,SOM001,"Dworcowa 2-4, 83-314 Somonino",54.270212,18.193457,true,10,0,0,Plaza Sopot,31402.823738025145,471,377,17,123,235,103,471,-94
4526,SOM002,"Droga Kaszubska 11, 83-311 Ostrzyce",54.2548362,18.1144906,true,10,2,0,Plaza Sopot,36508.784425427126,279,202,2,86,152,39,279,-77
4527,STE001,"Dworcowa 2, 83-316 Gołubie",54.21352,18.03812,true,10,0,0,Plaza Sopot,43234.69342588734,425,377,12,148,209,58,425,-48
4528,STE002,"DW214 11, 83-322 Stężyca",54.2067035,17.95355848,true,10,2,0,Plaza Sopot,48144.74358206756,351,298,16,157,166,30,351,-53
4529,SIE001,"Królewska 10, 83-342 Kamienica Królewska",54.391719,17.888904,true,10,0,0,Plaza Kamienny Potok - Koliba,44241.312173534985,177,178,4,44,108,21,177,1
4530,SIE002,"Piwna 2, 83-340 Sierakowice",54.3494517,17.8974718,true,10,0,1,Plaza Kamienny Potok - Koliba,44762.05341874811,65,42,2,15,38,10,65,-23
4531,SIE003,"DW214, 83-340 Sierakowice",54.3492701,17.8910911,true,10,3,0,Plaza Kamienny Potok - Koliba,45165.10854954588,189,130,8,46,92,44,189,-59
4532,SIE004,"Kartuska 2, 83-340 Sierakowice",54.3450829,17.893155,true,10,1,1,Plaza Kamienny Potok - Koliba,45167.057153832386,164,120,3,27,81,56,164,-44
4533,SIE005,"Jeziorna 66A, 83-341 Gowidlino",54.32257,17.79401,true,10,1,0,Plaza Kamienny Potok - Koliba,52045.341450739936,33,13,2,4,22,5,33,-20
4534,KOL001,"Zeusa 1A, 80-180 Kowale",54.310934,18.565856,true,10,2,0,Plaza Brzezno - Molo,12031.434694454083,6372,5961,662,1802,3015,985,6372,-411
4535,KOL002,"Karola Conradiego 7, 80-180 Jankowo Gdańskie",54.295137,18.554077,true,10,0,1,Plaza Brzezno - Molo,13940.356640346296,1908,1606,150,541,1067,171,1908,-302
4536,KOL003,"Strażacka 1, 83-050 Lublewo Gdańskie",54.28383919151804,18.502262148927343,true,10,0,1,Plaza Brzezno - Molo,16459.67065909942,1101,1092,98,383,465,173,1101,-9
4537,KOL004,"Leśna 2, 83-050 Kolbudy",54.2712938,18.4682885,true,10,0,0,Plaza Brzezno - Molo,18784.95269032778,822,622,171,173,326,154,822,-200
4538,KOL005,"Brunona Gregorkiewicza 14, 83-050 Bielkówko",54.260473,18.513144,true,10,1,1,Plaza Brzezno - Molo,18493.589060487233,683,711,75,170,271,182,683,28
4539,KOS001,"Morska 105, 81-198 Rewa",54.631954,18.497385,true,10,1,0,Plaza Gdynia Babie Doly,5999.898544935925,1809,1823,18,421,1019,354,1809,14
4540,KOS002,"Nadmorska 32, 81-198 Mechelinki",54.609968,18.513215,true,10,0,0,Plaza Gdynia Babie Doly,3380.490201527817,1954,2011,29,460,1164,307,1954,57
4541,KOS003,"Gdyńska 4, 81-198 Mosty",54.608731,18.496299,true,10,0,2,Plaza Gdynia Babie Doly,3997.689782706304,1367,1599,116,393,519,359,1367,232
4542,KOS004,"Grudniowa 6/18, 84-230 Kazimierz",54.602862,18.421171,true,10,0,0,Plaza Gdynia Babie Doly,8074.49848983257,366,327,25,65,243,34,366,-39
4543,KOS005,"Kaszubska 33A, 81-198 Pierwoszyno",54.598,18.499238,true,10,1,1,Plaza Gdynia Babie Doly,3155.0048838573653,1005,1011,105,289,466,149,1005,6
4544,KOS006,"Pomorska 18, 81-198 Dębogórze",54.591225,18.458383,true,10,0,0,Plaza Gdynia Babie Doly,5470.497194568452,911,973,85,198,501,141,911,62
4545,KOS007,Gdyńska 50,54.58836086091085,18.49422608552169,true,10,0,2,Plaza Gdynia Babie Doly,3139.3599622415263,1607,1561,57,364,763,445,1607,-46
4546,KOS008,"Jana Chryzostoma Paska 6, 81-198 Suchy Dwór",54.575527,18.470351,true,10,1,3,Plaza Gdynia Babie Doly,4764.752932476909,1536,1496,113,456,711,286,1536,-40
4547,KOS009,"Dębogórska 25, 84-230",54.573109,18.435305,true,10,0,1,Plaza Gdynia Babie Doly,7031.930329387349,440,478,10,83,274,80,440,38
4548,KOS010,"Mauretańska 6A, 81-198 Pogórze",54.566736,18.479416,true,10,2,0,Plaza Gdynia Babie Doly,4535.872374447858,667,593,32,147,355,141,667,-74
4549,KOS011,"Ignacego Jana Paderewskiego 1/lokal U3, 81-198 Gdynia",54.567693,18.492694,true,10,3,2,Plaza Gdynia Babie Doly,3731.8250289120847,2285,2233,338,568,995,393,2285,-52
4489,WLA006,"Żeromskiego 263, 84-120 Władysławowo",54.809354,18.366631,true,10,0,0,Plaza Gdynia Babie Doly,27413.064638320262,297,268,28,94,134,41,297,-29
3829,GDA001,"plac Dwóch Miast 1, 80-334 Gdańsk",54.4258484,18.5779021,true,10,0,0,Plaza Jelitkowo,1304.3010408353662,1641,1340,15,374,753,512,1641,-301
3830,GDA002,"Jelitkowska 57-51, 80-342 Gdańsk",54.4279049,18.5904457,true,10,0,0,Plaza Jelitkowo,531.4430216455662,8814,7993,119,2011,5158,1639,8814,-821
3831,GDA003,"Pomorska 57a, 80-343 Gdańsk",54.4247829,18.5954508,true,10,0,0,Plaza Jelitkowo,224.19816503281237,20610,19636,433,4588,11227,4482,20610,-974
3832,GDA004,"Orłowska 5F, 80-347 Gdańsk",54.4235293,18.5871054,true,10,1,0,Plaza Jelitkowo,764.5487978124156,3395,3095,292,1356,1357,452,3395,-300
3833,GDA005,"Gospody 20, 80-340 Gdańsk",54.4242033,18.5774484,true,10,2,1,Plaza Jelitkowo,1350.103374459782,4709,4124,429,1959,1744,653,4709,-585
3834,GDA006,"Szyprów 9, 80-335 Gdańsk",54.4238576,18.5740724,true,10,1,0,Plaza Jelitkowo,1571.8324550086706,2791,2598,301,1044,1183,331,2791,-193
3835,GDA007,"Subisława 41/14, 80-354 Gdańsk",54.4208015,18.5701376,true,10,0,3,Plaza Jelitkowo,1900.3579516409218,10919,10051,1156,3246,4853,1902,10919,-868
3836,GDA008,"Pelplińska 7, 80-335 Gdańsk",54.4165599,18.5724502,true,10,1,2,Plaza Jelitkowo,1967.9406229446179,4759,4617,483,1728,1969,675,4759,-142
3837,GDA009,"Pomorska 25, 80-333 Gdańsk",54.4199562,18.5818225,true,10,2,2,Plaza Jelitkowo,1253.6626461755634,10415,10162,1087,3317,4220,2076,10415,-253
3838,GDA010,"Chłopska 48, 80-358 Gdańsk",54.4203544,18.5838837,true,10,5,4,Plaza Jelitkowo,1118.3306631219712,10108,10110,780,3292,4430,1789,10108,2
3839,GDA011,"Aleja Grunwaldzka 62, 80-236 Gdańsk",54.4233153,18.5644725,true,10,1,1,Plaza Jelitkowo,2194.889426671856,5575,5394,440,1927,2544,791,5575,-181
3840,GDA012,"Bitwy Oliwskiej 20A, 80-339 Gdańsk",54.4205661,18.5676941,true,10,2,2,Plaza Jelitkowo,2058.8923389214597,2603,2385,276,913,1119,361,2603,-218
3841,GDA013,"Aleja Grunwaldzka 594, 80-337 Gdańsk",54.4206738,18.5648303,true,10,1,1,Plaza Jelitkowo,2233.0728222450484,4450,4240,491,1902,1707,476,4450,-210
3842,GDA014,"Józefa Czyżewskiego 25, 80-336 Gdańsk",54.4184498,18.5596479,true,10,3,0,Plaza Jelitkowo,2626.9562527061953,4432,4055,714,1687,1620,483,4432,-377
3843,GDA015,"Józefa Czyżewskiego 11, 80-330 Gdańsk",54.4155107,18.5579113,true,10,2,1,Plaza Jelitkowo,2852.354857563125,6018,5756,1123,2215,2218,556,6018,-262
3844,GDA016,"Opacka 7, 80-330 Gdańsk",54.411886,18.5562708,true,10,2,0,Plaza Jelitkowo,3132.363989530687,4269,3958,331,1855,1712,426,4269,-311
3845,GDA017,"Aleja Grunwaldzka 569, 80-339 Gdańsk",54.4181337,18.5657569,true,10,6,1,Plaza Jelitkowo,2270.241472754891,6003,5718,547,2125,2686,781,6003,-285
3846,GDA018,"Opacka 33-31, 80-330 Gdańsk",54.4139669,18.5658072,true,10,0,3,Plaza Jelitkowo,2485.4360081539726,8753,8347,972,2742,3832,1394,8753,-406
3847,GDA019,"Karwieńska 3, 80-328 Gdańsk",54.4131014,18.5352242,true,10,0,1,Plaza Jelitkowo,4315.031834644375,1918,1617,9,304,1653,14,1918,-301
3848,GDA020,"Stary Rynek Oliwski 14, 80-324 Gdańsk",54.4089353,18.5555974,true,10,1,1,Plaza Jelitkowo,3345.9333579127483,6684,6452,515,2201,3040,1051,6684,-232
3849,GDA021,"Opata Jacka Rybińskiego 218/16, 80-320 Gdańsk",54.409599,18.5623971,true,10,1,0,Plaza Jelitkowo,2948.7074137639784,4470,4062,104,1249,2422,766,4470,-408
3850,GDA022,"Aleja Grunwaldzka 508, 80-317 Gdańsk",54.4096316,18.5676368,true,10,4,6,Plaza Jelitkowo,2689.239658382544,17668,16879,879,5041,8854,3254,17668,-789
3851,GDA023,"Poczty Gdańskiej 4, 80-321 Gdańsk",54.4097367,18.5704614,true,10,0,3,Plaza Jelitkowo,2550.1451793189963,8694,7943,807,2360,4069,1664,8694,-751
3852,GDA024,"Adama Asnyka 1, 80-316 Gdańsk",54.408208,18.5631075,true,10,0,5,Plaza Jelitkowo,3012.790681377997,3237,2912,207,1112,1504,459,3237,-325
3853,GDA025,"Stefana Żeromskiego 1, 80-319 Gdańsk",54.4063802,18.5598908,true,10,3,0,Plaza Jelitkowo,3303.3791272802077,2895,2489,232,1051,1319,404,2895,-406
3854,GDA026,"Wita Stwosza 18C, 80-312 Gdańsk",54.4044941,18.5641213,true,10,0,1,Plaza Jelitkowo,3255.705189583188,4165,3802,268,1374,1954,646,4165,-363
3855,GDA027,"Aleja Grunwaldzka 478, 80-309 Gdańsk",54.4052974,18.5708582,true,10,0,0,Plaza Jelitkowo,2907.5144896800675,13941,13700,593,2417,9436,1829,13941,-241
3856,GDA028,"Pomorska 84, 80-345 Gdańsk",54.4191568,18.5815211,true,10,0,1,Plaza Jelitkowo,1320.0707104803475,6990,6929,523,2772,2902,897,6990,-61
3857,GDA029,"Piastowska 95, 80-358 Gdańsk",54.4161545,18.5862388,true,10,2,2,Plaza Jelitkowo,1345.4896343111232,4129,3972,218,1440,1945,634,4129,-157
3858,GDA030,"Poznańska 2, 80-359 Gdańsk",54.4142581,18.5797366,true,10,0,0,Plaza Jelitkowo,1772.60618335136,3328,3241,444,1138,1399,419,3328,-87
3859,GDA031,"Leona Droszyńskiego 31A, 80-381 Gdańsk",54.4110303,18.5724922,true,10,1,3,Plaza Jelitkowo,2355.439404708213,17027,15979,1583,4727,8032,3118,17027,-1048
3860,GDA032,"Sambora 7A, 80-361 Gdańsk",54.4095888,18.5757385,true,10,1,1,Plaza Jelitkowo,2336.796395808857,5299,5105,309,1396,2493,1225,5299,-194
3861,GDA033,"Beniowskiego 66, 80-382 Gdańsk",54.4120642,18.5769125,true,10,0,0,Plaza Jelitkowo,2076.3714863718214,3157,2909,285,1164,1205,579,3157,-248
