station_id,name,address,lat,lon,capacity,points_of_interests,public_tansport,nearest_beach,distance_to_beach_m,rent_num,depo_num,night_rent_num,morning_rent_num,afternoon_rent_num,evening_rent_num,bilans,total_activity,turnover_rate,morning_ratio,evening_ratio,afternoon_ratio
4971,GDA370,Lawendowe wzgórze,54.3272251,18.5602068,17,0,0,Plaza Brzezno - Molo,10467.98472429355,3684,3653,890,873,1501,420,-31,7337,431.5882352941176,0.23697068403908794,0.11400651465798045,0.40743756786102064
4970,GDA379,"Wydmy, 80-656 Gdańsk",54.37373440169208,18.72929096185743,10,1,0,Plaza Stogi,645.6138677300635,5894,5528,114,1055,3711,1014,-366,11422,1142.2,0.17899558873430607,0.17203936206311504,0.6296233457753648
4960,GDA373,Rondo Junony,54.419942,18.470406,21,0,0,Plaza Sopot,7161.702040838823,2190,2110,376,673,869,274,-80,4300,204.76190476190476,0.30730593607305934,0.12511415525114156,0.39680365296803655
4959,GDA375,Letnicka,54.40059896726345,18.646700421007974,30,2,0,Plaza Brzezno - Molo,2041.7108601001007,8069,8261,1042,2887,3290,861,192,16330,544.3333333333334,0.3577890692774817,0.10670467220225555,0.4077333002850415
4958,GDA388,Rondo Starogardzka/Czerska,54.3014250014771,18.607359939485804,21,0,2,Plaza Stogi,11483.285982301551,4693,4525,975,1335,1930,454,-168,9218,438.95238095238096,0.28446622629448115,0.09673982527168122,0.4112507990624334
4957,GDA378,Radarowa,54.38908713,18.4822624,19,1,3,Plaza Jelitkowo,8550.380575559053,448,422,107,93,188,60,-26,870,45.78947368421053,0.20758928571428573,0.13392857142857142,0.41964285714285715
4924,GDA385,Rondo Guderskiego/Flisykowskiego,54.32187,18.5608,20,0,1,Plaza Brzezno - Molo,11002.575541683773,3266,3052,488,930,1403,446,-214,6318,315.9,0.2847519902020821,0.13655848132271892,0.4295774647887324
4923,GDA371,Jabłoniowa/Turzycowa,54.330873,18.557719,23,2,2,Plaza Brzezno - Molo,10164.44703780594,5314,5016,936,1444,2082,852,-298,10330,449.1304347826087,0.2717350395182537,0.16033120060218292,0.39179525780955965
4922,GDA383,Jabłoniowa,54.33185,18.56417,14,2,2,Plaza Brzezno - Molo,9894.011071519297,4208,4087,630,1285,1685,610,-121,8295,592.5,0.3053707224334601,0.1449619771863118,0.4004277566539924
4921,GDA386,Jaworzniaków,54.31798,18.56839,20,0,2,Plaza Brzezno - Molo,11236.442298134243,4391,4328,609,1103,2065,617,-63,8719,435.95,0.2511956274197222,0.14051468913687087,0.4702801184240492
4920,GDA387,Jagiełły,54.30361022,18.61379527,20,0,0,Plaza Stogi,11025.985447241705,2693,2396,509,936,1029,222,-297,5089,254.45,0.3475677682881545,0.08243594504270331,0.38210174526550317
4919,GDA382,Modra,54.34207,18.66896,16,1,1,Plaza Stogi,5451.260979588231,1331,1233,88,387,703,155,-98,2564,160.25,0.2907588279489106,0.11645379413974455,0.5281743050338091
4918,GDA381,Rzęsna,54.34948,18.70621,21,0,0,Plaza Stogi,3476.190733696027,2252,2264,94,473,1420,265,12,4516,215.04761904761904,0.2100355239786856,0.11767317939609236,0.6305506216696269
4917,GDA380,Kępna,54.35909,18.74597,18,1,2,Plaza Gorki Zachodnie,2424.8684422322003,429,276,38,110,215,66,-153,705,39.166666666666664,0.2564102564102564,0.15384615384615385,0.5011655011655012
4916,KOS015,Wiejska,54.5752,18.49053,12,1,1,Plaza Gdynia Babie Doly,3516.919942935925,575,549,63,165,247,100,-26,1124,93.66666666666667,0.28695652173913044,0.17391304347826086,0.4295652173913043
4915,KOS016,Derdowskiego,54.56409,18.50585,23,0,1,Plaza Gdynia Babie Doly,3298.1774449416293,2686,2586,151,565,1423,549,-100,5272,229.2173913043478,0.2103499627699181,0.20439314966492927,0.5297840655249442
4913,KOS014,Sezamkowa,54.5842,18.47796,18,0,0,Plaza Gdynia Babie Doly,4162.495177674141,1354,1483,210,425,565,154,129,2837,157.61111111111111,0.31388478581979323,0.1137370753323486,0.4172821270310192
4912,KOS013,Słonecznikowa/Astrowa,54.59188,18.48759,12,0,0,Plaza Gdynia Babie Doly,3628.583908190886,845,831,60,240,430,117,-14,1676,139.66666666666666,0.28402366863905326,0.13846153846153847,0.5088757396449705
4911,KOS012,Lubczykowa,54.60501,18.47749,19,0,1,Plaza Gdynia Babie Doly,4757.800801192615,359,390,45,84,172,58,31,749,39.421052631578945,0.233983286908078,0.1615598885793872,0.479108635097493
4910,GDA384,Czemińskiego/Guderskiego,54.32356,18.55579,25,0,1,Plaza Brzezno - Molo,10956.2091127839,4391,4515,281,1347,1990,773,124,8906,356.24,0.30676383511728533,0.1760419038943293,0.45319972671373265
4908,GDA376,sucha,54.39393,18.64408,50,2,0,Plaza Brzezno - Molo,2530.7277789635987,16581,17872,2118,5024,6955,2492,1291,34453,689.06,0.30299740667028524,0.1502925034678246,0.41945600385983955
4907,GDA374,Grudziądzka,54.39447645,18.62103389,35,1,0,Plaza Brzezno - Molo,2138.944627789891,14423,14526,1534,4452,6037,2403,103,28949,827.1142857142858,0.3086736462594467,0.1666088885807391,0.4185675656936837
4906,GDA372,Narzędziowców,54.36375,18.64732,50,2,0,Plaza Stogi,5278.901845053862,14863,14816,1269,2114,6566,4926,-47,29679,593.58,0.14223238915427572,0.33142703357330283,0.4417681490950683
4904,GDA366,Adamowicza,54.349959,18.574246,14,0,2,Plaza Brzezno - Molo,7788.378860411955,2528,2234,573,752,849,355,-294,4762,340.14285714285717,0.2974683544303797,0.14042721518987342,0.3358386075949367
4903,GDA369,Lawendowe wzgórze,54.328892,18.568796,13,1,0,Plaza Brzezno - Molo,10086.200070506831,4857,4765,617,1365,2108,768,-92,9622,740.1538461538462,0.2810376775787523,0.15812229771463868,0.4340127650813259
4902,GDA368,Warszawska,54.331717,18.570822,11,0,6,Plaza Brzezno - Molo,9745.882766185068,3800,3648,458,1044,1679,623,-152,7448,677.0909090909091,0.27473684210526317,0.16394736842105262,0.44184210526315787
4901,GDA364,"Sobieszewo, Turystyczna",54.3439594,18.8305346,27,1,0,Plaza Sobieszewo,1305.1162242275989,2491,2029,34,846,1329,284,-462,4520,167.40740740740742,0.33962264150943394,0.11401043757527098,0.5335206744279406
4900,GDA365,"Sobieszewo, Boguckiego",54.33499,18.933902,32,0,2,Plaza Swibno,2109.564040127311,1588,1358,24,539,832,193,-230,2946,92.0625,0.3394206549118388,0.12153652392947104,0.5239294710327456
4868,GDA377,Gdańsk Rębiechowo,54.3872159,18.4461948,10,0,3,Plaza Sopot,10481.838826054543,710,450,42,195,393,81,-260,1160,116,0.2746478873239437,0.11408450704225352,0.5535211267605634
4867,GDA367,skrzyżowanie Adamowicza/Kartuska,54.338218,18.572119,10,0,4,Plaza Brzezno - Molo,9042.196606001016,2433,2174,222,660,1105,447,-259,4607,460.7,0.2712700369913687,0.18372379778051787,0.4541718043567612
3862,GDA034,"Bolesława Krzywoustego 19, 80-360 Gdańsk",54.412794,18.5811569,10,0,0,Plaza Jelitkowo,1840.7492918961304,2235,1962,410,776,814,289,-273,4197,419.7,0.3472035794183445,0.12930648769574943,0.3642058165548098
3863,GDA035,"Bolesława Krzywoustego 20A, 80-360 Gdańsk",54.4132809,18.584921,10,0,0,Plaza Jelitkowo,1660.6038000820229,3508,3268,396,1334,1470,388,-240,6776,677.6,0.38027366020524517,0.11060433295324971,0.41904218928164194
3864,GDA036,"Czerwony Dwór 26, 80-383 Gdańsk",54.4117088,18.5844151,10,4,0,Plaza Jelitkowo,1828.5660020330424,4545,4447,509,1784,1835,537,-98,8992,899.2,0.3925192519251925,0.11815181518151815,0.40374037403740376
3865,GDA037,"Chłopska 41, 80-349 Gdańsk",54.4116514,18.5875389,10,2,2,Plaza Jelitkowo,1745.891341077673,3759,3646,185,1661,1495,476,-113,7405,740.5,0.4418728385208832,0.1266294227188082,0.3977121574886938
3866,GDA038,"Generała T. Bora-Komorowskiego 31, 80-377 Gdańsk",54.4090882,18.5861307,10,4,2,Plaza Jelitkowo,2044.0636194024496,4573,4029,427,1412,2070,803,-544,8602,860.2,0.30876886070413295,0.1755958889131861,0.45265689919090313
3867,GDA039,"Chłopska 34A, 80-368 Gdańsk",54.4136227,18.5880968,10,1,1,Plaza Jelitkowo,1530.8510886033248,3866,3773,439,1343,1596,548,-93,7639,763.9,0.3473874806001035,0.14174857734092086,0.4128297982410761
3868,GDA040,"Chłopska 34D, 80-358 Gdańsk",54.4159087,18.5876723,10,0,3,Plaza Jelitkowo,1318.4656645214782,5931,5764,809,1884,2507,881,-167,11695,1169.5,0.317653009610521,0.14854156128814702,0.4226943179902209
3869,GDA041,"Piastowska 100D, 80-358 Gdańsk",54.4169893,18.5915682,10,2,0,Plaza Jelitkowo,1097.69839462056,8636,8066,946,3104,3722,1092,-570,16702,1670.2,0.35942566002779064,0.12644742936544698,0.43098656785548867
3870,GDA042,"Kapliczna 18, 80-341 Gdańsk",54.4217508,18.6016453,10,2,3,Plaza Jelitkowo,537.3542291745727,14846,14380,417,3799,7890,2850,-466,29226,2922.6,0.2558938434595177,0.19197090125286273,0.5314562845210831
3871,GDA043,Prezydenta Lecha Kaczyńskiego 4A,54.4160978,18.5964168,10,0,0,Plaza Jelitkowo,1118.3699427078034,5461,5317,534,2004,2268,732,-144,10778,1077.8,0.3669657571873283,0.1340413843618385,0.41530855154733565
3872,GDA044,"Prezydenta Lecha Kaczyńskiego 16, 80-365 Gdańsk",54.4150283,18.6011302,10,0,0,Plaza Jelitkowo,1248.1355717384008,7333,7467,282,2443,3548,1106,134,14800,1480,0.33315150688667666,0.15082503750170462,0.4838401745533888
3873,GDA045,"Jagiellońska 7, 80-371 Gdańsk",54.4131106,18.5925311,10,3,2,Plaza Jelitkowo,1489.0708657440591,8880,8787,1247,2864,3780,1148,-93,17667,1766.7,0.3225225225225225,0.1292792792792793,0.42567567567567566
3874,GDA046,"Jagiellońska 36A, 80-367 Gdańsk",54.413656,18.598089,10,4,2,Plaza Jelitkowo,1384.8228874447364,1479,1136,153,554,648,189,-343,2615,261.5,0.3745774171737661,0.12778904665314403,0.4381338742393509
3875,GDA047,"Jagiellońska 10M, 80-371 Gdańsk",54.4122016,18.5885344,10,2,5,Plaza Jelitkowo,1664.8174916387677,6049,5881,654,2236,2441,892,-168,11930,1193,0.3696478756819309,0.1474623904777649,0.4035377748388163
3876,GDA048,"Chłopska 18, 80-309 Gdańsk",54.408088,18.5898205,10,1,3,Plaza Jelitkowo,2073.6550419802797,16433,16149,980,4457,7528,3824,-284,32582,3258.2,0.2712225400109536,0.23270248889429807,0.45810259842998846
3877,GDA049,"Obrońców Wybrzeża 1, 63-756 Gdańsk",54.4089435,18.5940589,10,0,0,Plaza Jelitkowo,1926.3022932503177,18449,18401,804,5133,9953,2980,-48,36850,3685,0.2782264621388693,0.16152636999295356,0.5394872350804921
3878,GDA050,"Obrońców Wybrzeża 2A, 80-334 Gdańsk",54.4091835,18.5976696,10,5,1,Plaza Brzezno - Molo,1800.910127369354,7460,7424,725,2654,3239,993,-36,14884,1488.4,0.3557640750670241,0.13310991957104557,0.4341823056300268
3879,GDA051,"Obrońców Wybrzeża 19, 80-398 Gdańsk",54.4098525,18.5992425,10,3,0,Plaza Brzezno - Molo,1683.2254861372987,10712,10522,1086,3616,4613,1591,-190,21234,2123.4,0.33756534727408516,0.14852501867064974,0.4306385362210605
3880,GDA052,"Obrońców Wybrzeża 27, 80-365 Gdańsk",54.4108954,18.6041376,10,0,2,Plaza Brzezno - Molo,1347.9944100346495,14030,13817,508,4246,6424,2984,-213,27847,2784.7,0.30263720598717037,0.21268709907341413,0.45787598004276553
3881,GDA053,"Kołobrzeska 67, 80-396 Gdańsk",54.4054598,18.5997007,10,4,0,Plaza Brzezno - Molo,1839.6870821952891,8848,8796,898,3352,3677,1138,-52,17644,1764.4,0.37884267631103075,0.12861663652802893,0.4155741410488246
3882,GDA054,"Kołobrzeska 45, 80-391 Gdańsk",54.4042446,18.5922225,10,0,2,Plaza Brzezno - Molo,2330.5635403375127,8080,7970,971,2655,3243,1447,-110,16050,1605,0.3285891089108911,0.17908415841584158,0.4013613861386139
3883,GDA055,"Śląska 86, 80-389 Gdańsk",54.4069816,18.5890912,10,0,0,Plaza Jelitkowo,2204.7235832315987,3715,3469,324,1411,1466,586,-246,7184,718.4,0.37981157469717364,0.15773889636608346,0.3946164199192463
3884,GDA056,"Kołobrzeska 43, 80-391 Gdańsk",54.4040458,18.5903393,10,1,1,Plaza Brzezno - Molo,2449.71937146888,11210,10588,661,3463,5397,1932,-622,21798,2179.8,0.30892060660124887,0.17234611953612847,0.48144513826940233
3885,GDA057,"aleja Rzeczypospolitej 4/151, 80-369 Gdańsk",54.4020771,18.5914493,10,3,0,Plaza Brzezno - Molo,2490.580418204331,12136,12000,962,3858,5485,2105,-136,24136,2413.6,0.31789716545814106,0.17345088991430455,0.4519611074489123
3886,GDA058,"Kołobrzeska 32, 80-984 Gdańsk",54.4030551,18.5869497,30,0,2,Plaza Jelitkowo,2662.4812283366073,18330,17808,1117,4998,9113,3485,-522,36138,1204.6,0.27266775777414076,0.1901254773595199,0.4971631205673759
3887,GDA059,"Krynicka 29, 80-393 Gdańsk",54.4050124,18.5850847,30,0,0,Plaza Jelitkowo,2491.6512281254154,3768,3272,436,1362,1532,517,-496,7040,234.66666666666666,0.3614649681528662,0.13720806794055201,0.40658174097664546
3888,GDA060,"Beniowskiego 1, 80-382 Gdańsk",54.4062622,18.5795854,30,1,0,Plaza Jelitkowo,2509.9109455983103,12855,12621,848,3997,5672,2569,-234,25476,849.2,0.31092959937767406,0.19984441851419682,0.4412290937378452
3889,GDA061,"Lęborska 3B, 80-386 Gdańsk",54.4043222,18.5762904,10,1,0,Plaza Jelitkowo,2802.42866859709,6996,6669,206,1862,4083,980,-327,13665,1366.5,0.26615208690680386,0.1400800457404231,0.5836192109777015
3890,GDA062,"Słupska 26C, 80-392 Gdańsk",54.401667,18.576447,10,2,3,Plaza Jelitkowo,3056.63764881366,6722,5909,504,1645,3600,1165,-813,12631,1263.1,0.24471883368045225,0.1733115144302291,0.5355548943766736
3891,GDA063,"Kołobrzeska 2, 80-390 Gdańsk",54.4015477,18.5771668,10,3,3,Plaza Jelitkowo,3047.4938801988596,10262,9968,604,2851,5159,1867,-294,20230,2023,0.2778210875073085,0.1819333463262522,0.5027285129604365
3892,GDA064,"Szczecińska 23, 80-387 Gdańsk",54.4025834,18.5814932,10,4,2,Plaza Jelitkowo,2827.15356494814,10165,9676,692,3208,4507,1958,-489,19841,1984.1,0.3155927201180521,0.1926217412690605,0.44338416133792424
3893,GDA065,"Aleja Grunwaldzka 472, 80-309 Gdańsk",54.4026628,18.5720424,10,2,0,Plaza Jelitkowo,3103.503408738753,24577,21763,406,4808,18480,1528,-2814,46340,4634,0.19563006062578833,0.062171949383570006,0.7519225291939619
3894,GDA066,"Jana Bażyńskiego 2, 80-309 Gdańsk",54.4009109,18.5737664,10,2,1,Plaza Jelitkowo,3212.8506784792344,11341,9869,465,2327,7026,1747,-1472,21210,2121,0.20518472797813245,0.1540428533639009,0.6195220879992946
3895,GDA067,"Aleja Grunwaldzka 417, 80-309 Gdańsk",54.4009349,18.5749621,10,2,1,Plaza Jelitkowo,3173.356858238195,17794,17209,602,3668,12005,1876,-585,35003,3500.3,0.20613690007867821,0.1054287962234461,0.6746656176239182
3896,GDA068,"Aleja Grunwaldzka 411, 80-309 Gdańsk",54.3986149,18.5762511,10,0,1,Plaza Jelitkowo,3367.312322867594,20521,19589,218,4200,14944,1575,-932,40110,4011,0.20466838848009355,0.07675064568003509,0.7282296184396472
3897,GDA069,"Wita Stwosza 48, 80-308 Gdańsk",54.3988103,18.5683705,10,1,6,Plaza Jelitkowo,3592.46034626205,8503,7865,604,2823,3972,1309,-638,16368,1636.8,0.33200047042220393,0.1539456662354463,0.4671292485005292
3898,GDA070,"Macierzy Szkolnej w Gdańsku 8, 80-308 Gdańsk",54.3959017,18.5707202,10,1,3,Plaza Jelitkowo,3796.450557227496,8600,8260,495,3024,3951,1313,-340,16860,1686,0.3516279069767442,0.15267441860465117,0.4594186046511628
3899,GDA071,"Jantarowa 21, 80-341 Gdańsk",54.4133677,18.6238331,10,1,0,Plaza Brzezno - Molo,47.6248451951817,36804,34453,781,7917,19625,8689,-2351,71257,7125.7,0.21511248777306816,0.23608846864471253,0.5332300836865558
3900,GDA072,"Aleja Generała Józefa Hallera 277, 80-502 Gdańsk",54.4112302,18.6290499,10,4,0,Plaza Brzezno - Molo,398.76078423723015,24214,24915,522,5534,13533,4750,701,49129,4912.9,0.22854546956306268,0.19616750640125546,0.5588915503427769
3901,GDA073,"Aleja Generała Józefa Hallera 247C, 80-502 Gdańsk",54.4080708,18.6272554,10,0,1,Plaza Brzezno - Molo,642.3115988108698,5901,6030,361,1967,2686,942,129,11931,1193.1,0.3333333333333333,0.15963396034570412,0.45517708862904593
3902,GDA074,"Emilii Plater 14B, 80-522 Gdańsk",54.4063345,18.6319209,10,0,0,Plaza Brzezno - Molo,942.7860746987728,3549,3568,562,1392,1273,371,19,7117,711.7,0.39222316145393066,0.10453648915187377,0.35869258946182025
3903,GDA075,"Aleja Generała Józefa Hallera 233, 80-502 Gdańsk",54.4045861,18.6247778,10,0,3,Plaza Brzezno - Molo,1003.6500017589308,12726,13687,902,4272,5877,1842,961,26413,2641.3,0.3356907119283357,0.14474304573314475,0.4618104667609618
3904,GDA076,"Dworska 29, 80-506 Gdańsk",54.4041138,18.6283289,10,2,1,Plaza Brzezno - Molo,1085.5066760888528,4983,5011,651,2036,1811,566,28,9994,999.4,0.40858920329119003,0.11358619305639173,0.363435681316476
3905,GDA077,"Gdańska 20, 80-518 Gdańsk",54.4041728,18.6332361,10,0,2,Plaza Brzezno - Molo,1193.8213538374084,4549,4466,408,1632,1817,729,-83,9015,901.5,0.35876016706968566,0.16025500109914267,0.39942844581226644
3906,GDA078,"Konstantego Ildefonsa Gałczyńskiego 2, 80-524 Gdańsk",54.4067217,18.6385696,10,3,4,Plaza Brzezno - Molo,1192.7877240566788,13888,14082,723,3683,6752,2832,194,27970,2797,0.2651929723502304,0.20391705069124424,0.4861751152073733
3907,GDA079,"Ksawerego Dunikowskiego 17A, 80-524 Gdańsk",54.4050012,18.643718,10,2,0,Plaza Brzezno - Molo,1572.499618848573,4105,3940,307,1388,1961,494,-165,8045,804.5,0.33812423873325215,0.12034104750304507,0.47771010962241167
3908,GDA080,"Łozy 17I, 80-516 Gdańsk",54.4030383,18.6392604,10,0,0,Plaza Brzezno - Molo,1517.1522177892757,2025,2028,352,833,638,230,3,4053,405.3,0.411358024691358,0.11358024691358025,0.31506172839506175
3909,GDA081,"Wyzwolenia 7A, 80-537 Gdańsk",54.4030109,18.655441,10,1,1,Plaza Brzezno - Molo,2326.822055123735,3154,2947,148,1201,1432,425,-207,6101,610.1,0.3807863031071655,0.13474952441344323,0.4540266328471782
3910,GDA082,"Wyzwolenia 28, 80-537 Gdańsk",54.4002698,18.6614674,10,1,2,Plaza Brzezno - Molo,2818.3037696909996,5676,5788,566,1975,2427,785,112,11464,1146.4,0.34795630725863286,0.1383016208597604,0.4275898520084567
3911,GDA083,"Wolności 8, 80-538 Gdańsk",54.3994049,18.6693607,10,2,3,Plaza Brzezno - Molo,3308.600308589508,4230,4584,320,1333,1987,635,354,8814,881.4,0.31513002364066195,0.15011820330969267,0.46973995271867613
3912,GDA084,"Ks. Mariana Góreckiego 3, 80-544 Gdańsk",54.4008559,18.671317,10,2,1,Plaza Brzezno - Molo,3348.886073115877,3752,2731,173,1345,1922,361,-1021,6483,648.3,0.35847547974413646,0.09621535181236673,0.5122601279317697
3913,GDA085,"Starowiejska 17, 80-534 Gdańsk",54.3890595,18.6495517,10,0,0,Plaza Brzezno - Molo,3177.1445443232133,7225,6817,759,2082,3253,1273,-408,14042,1404.2,0.28816608996539794,0.17619377162629757,0.450242214532872
3914,GDA086,"Pokoleń Lechii Gdańsk 1, 80-560 Gdańsk",54.3906251,18.6428542,10,1,0,Plaza Brzezno - Molo,2820.0527725533057,4110,3915,191,1210,2013,843,-195,8025,802.5,0.2944038929440389,0.20510948905109488,0.4897810218978102
3915,GDA087,"Żaglowa 11, 80-560 Gdańsk",54.38635802401379,18.636422356431808,500,1,0,Plaza Brzezno - Molo,3127.9662751900837,6621,6297,170,1439,3899,1222,-324,12918,25.836,0.21733877057846246,0.18456426521673464,0.5888838544026582
3916,GDA088,"Narwicka 2G, 80-557 Gdańsk",54.3823482,18.6378922,10,0,2,Plaza Brzezno - Molo,3583.5627659077218,6821,6388,365,1289,4487,805,-433,13209,1320.9,0.18897522357425597,0.11801788594047793,0.6578214338073596
3917,GDA089,"Czarny Dwór 18, 80-365 Gdańsk",54.4076244,18.6148341,10,1,1,Plaza Brzezno - Molo,910.7103244687944,11571,11091,564,3112,5886,2130,-480,22662,2266.2,0.268948232650592,0.18408089188488463,0.5086855068706249
3918,GDA090,"Jelitkowski Dwór 17, 80-365 Gdańsk",54.4073669,18.6101659,10,0,0,Plaza Brzezno - Molo,1155.4921255304046,5121,4997,593,1775,2220,611,-124,10118,1011.8,0.34661198984573327,0.11931263425112283,0.43350908025776214
3919,GDA091,"Kołobrzeska 56A, 80-394 Gdańsk",54.4066122,18.6059394,10,1,1,Plaza Brzezno - Molo,1427.8780934320905,8002,7887,1090,2578,3333,1201,-115,15889,1588.9,0.32216945763559113,0.15008747813046738,0.41652086978255437
3920,GDA092,"Olsztyńska 2b, 80-395 Gdańsk",54.404969,18.6044096,10,3,0,Plaza Brzezno - Molo,1613.532023157493,6165,6057,656,2217,2607,853,-108,12222,1222.2,0.3596107055961071,0.1383617193836172,0.42287104622871047
3921,GDA093,"Kołobrzeska 42A, 80-391 Gdańsk",54.4048229,18.5969398,10,0,2,Plaza Brzezno - Molo,2030.243905857802,7562,7505,914,2382,3460,956,-57,15067,1506.7,0.3149960327955567,0.12642158159217137,0.45755091245702195
3922,GDA094,"Aleja Rzeczypospolitej 25, 80-463 Gdańsk",54.4000381,18.5954995,10,0,4,Plaza Brzezno - Molo,2405.3112053092254,4187,3937,772,1341,1525,625,-250,8124,812.4,0.32027704800573203,0.14927155481251492,0.3642225937425364
3923,GDA095,"Aleja Jana Pawła II 25C, 80-462 Gdańsk",54.4045064,18.6123297,10,1,1,Plaza Brzezno - Molo,1280.1990549615225,4551,4388,517,1302,2052,770,-163,8939,893.9,0.2860909690177983,0.16919358382773017,0.45088991430454844
3924,GDA096,"Janusza Meissnera 4, 80-462 Gdańsk",54.3999566,18.6064973,10,1,1,Plaza Brzezno - Molo,1911.3702876825353,7532,7317,774,2680,3227,1004,-215,14849,1484.9,0.35581518852894317,0.1332979288369623,0.4284386617100372
3925,GDA097,"Aleja Jana Pawła II 3b, 80-462 Gdańsk",54.397234,18.6045205,10,0,0,Plaza Brzezno - Molo,2231.102662508421,5908,5684,593,1922,2557,944,-224,11592,1159.2,0.32532159783344616,0.15978334461746785,0.4328029790115098
3926,GDA098,"Aleja Jana Pawła II 1e, 80-462 Gdańsk",54.3970874,18.5978985,10,0,2,Plaza Brzezno - Molo,2515.1924322806694,5954,5821,710,1769,2467,1125,-133,11775,1177.5,0.297111185757474,0.18894860597917368,0.4143432986227746
3927,GDA099,"aleja Jana Pawła II 48, 80-462 Gdańsk",54.4025041,18.6108344,10,2,0,Plaza Brzezno - Molo,1516.6795102247852,5993,5854,453,2277,2651,779,-139,11847,1184.7,0.3799432671450025,0.12998498247955947,0.4423494076422493
3928,GDA100,"Zbigniewa Burzyńskiego 1, 80-462 Gdańsk",54.399374,18.607348000000002,10,1,0,Plaza Brzezno - Molo,1931.1706971366011,5731,5542,737,1822,2582,747,-189,11273,1127.3,0.31792008375501657,0.13034374454719944,0.4505321933344966
3929,GDA101,"Zbigniewa Burzyńskiego 6H, 80-462 Gdańsk",54.3957092,18.603511,10,0,0,Plaza Brzezno - Molo,2407.662976755741,9504,9443,1209,2799,4157,1555,-61,18947,1894.7,0.29450757575757575,0.16361531986531985,0.43739478114478114
3930,GDA102,"Kombatantów 1G, 80-464 Gdańsk",54.3966953,18.6119055,10,0,0,Plaza Brzezno - Molo,2048.325142132298,3333,3171,441,1205,1329,465,-162,6504,650.4,0.3615361536153615,0.1395139513951395,0.39873987398739874
3931,GDA103,"Leszczyńskich 5A, 80-464 Gdańsk",54.3943767,18.614148,10,0,1,Plaza Brzezno - Molo,2239.984277819563,5194,5097,872,1735,2083,661,-97,10291,1029.1,0.3340392760877936,0.12726222564497497,0.40103966114747785
3932,GDA104,"Konstantego Ciołkowskiego 1A, 80-414 Gdańsk",54.3920442,18.6168327,10,1,0,Plaza Brzezno - Molo,2448.0355706457403,10604,10562,1683,3127,4479,1592,-42,21166,2116.6,0.29488872123726895,0.15013202565069786,0.4223877781969068
3933,GDA105,"aleja Rzeczypospolitej 33, 80-463 Gdańsk",54.3898412,18.6087667,10,1,2,Plaza Brzezno - Molo,2830.980790704145,17673,17635,1047,5137,8592,3256,-38,35308,3530.8,0.29066938267413567,0.18423583998189327,0.4861653369546766
3934,GDA106,"Pilotów 23E, 80-460 Gdańsk",54.3962212,18.5892784,10,2,2,Plaza Brzezno - Molo,2986.208649441831,7247,6516,1290,2272,2862,942,-731,13763,1376.3,0.31350903822271287,0.12998482130536773,0.3949220367048434
3935,GDA107,"Startowa 13K, 80-461 Gdańsk",54.3971784,18.596894,10,1,2,Plaza Brzezno - Molo,2552.780216655116,5551,5361,689,1477,2532,939,-190,10912,1091.2,0.266078184110971,0.1691587101423167,0.45613402990452173
3936,GDA108,"Startowa 5A, 80-462 Gdańsk",54.393505,18.5994117,10,3,0,Plaza Brzezno - Molo,2760.7842379100316,5405,5189,609,1885,2258,797,-216,10594,1059.4,0.34875115633672527,0.14745605920444033,0.4177613320999075
3937,GDA109,"Pilotów 6A, 80-460 Gdańsk",54.390708,18.5965129,10,2,0,Plaza Brzezno - Molo,3122.903156270796,5530,5197,577,1664,2452,937,-333,10727,1072.7,0.30090415913200724,0.1694394213381555,0.4433996383363472
3938,GDA110,"Pilotów 12A/32, 80-460 Gdańsk",54.3921138,18.5900393,10,1,0,Plaza Brzezno - Molo,3266.6502771402265,5103,4933,436,1605,2169,999,-170,10036,1003.6,0.31452087007642565,0.19576719576719576,0.42504409171075835
3939,GDA111,"Hynka 59, 80-465 Gdańsk",54.3893996,18.5937191,10,5,2,Plaza Brzezno - Molo,3346.826672217916,12960,12575,990,3304,6150,2770,-385,25535,2553.5,0.25493827160493826,0.21373456790123457,0.47453703703703703
3940,GDA112,"Dywizjonu 303 5K, 80-462 Gdańsk",54.389994,18.597972,10,0,0,Plaza Brzezno - Molo,3135.400513706791,3928,3809,509,1181,1800,498,-119,7737,773.7,0.3006619144602851,0.12678207739307534,0.45824847250509165
3941,GDA113,"Dywizjonu 303 5A, 80-462 Gdańsk",54.3911144,18.6006875,10,2,0,Plaza Brzezno - Molo,2936.077724032541,2581,2321,428,771,1058,370,-260,4902,490.2,0.29872142580395195,0.1433552886478109,0.4099186361875242
3942,GDA114,"Dywizjonu 303 33G, 80-462 Gdańsk",54.3911939,18.6007008,10,2,0,Plaza Brzezno - Molo,2928.097525959689,1881,1524,327,613,687,292,-357,3405,340.5,0.3258904837852206,0.15523657628920787,0.3652312599681021
3943,GDA115,"Jana Nagórskiego 7A, 80-463 Gdańsk",54.3921351,18.6053414,10,2,3,Plaza Brzezno - Molo,2688.8901679851083,2932,2763,437,1008,1163,401,-169,5695,569.5,0.34379263301500684,0.13676671214188268,0.3966575716234652
3944,GDA116,"Skarżyńskiego 5F, 80-463 Gdańsk",54.3886618,18.6050708,10,0,0,Plaza Brzezno - Molo,3044.258446595373,3195,3073,488,925,1398,450,-122,6268,626.8,0.2895148669796557,0.14084507042253522,0.4375586854460094
3945,GDA117,"Aleja Grunwaldzka 309, 80-309 Gdańsk",54.3942309,18.581392,10,1,1,Plaza Brzezno - Molo,3522.255143001334,14159,13703,422,3722,7903,2304,-456,27862,2786.2,0.2628716717282294,0.16272335616922098,0.5581608870682958
3946,GDA118,"Wita Stwosza 73, 80-308 Gdańsk",54.3912591,18.5778401,10,1,7,Plaza Brzezno - Molo,3908.216932674043,7789,7500,751,2210,3605,1436,-289,15289,1528.9,0.283733470278598,0.1843625625882655,0.4628321992553601
3947,GDA119,"Abrahama 38, 80-307 Gdańsk",54.389862,18.5685209,10,2,2,Plaza Jelitkowo,4460.959327977408,2828,2750,494,874,1247,294,-78,5578,557.8,0.30905233380480907,0.10396039603960396,0.44094766619519093
3948,GDA120,"Polanki 99, 80-302 Gdańsk",54.3898555,18.5738951,10,0,1,Plaza Brzezno - Molo,4204.780502838053,3887,3766,509,1347,1643,529,-121,7653,765.3,0.3465397478775405,0.13609467455621302,0.4226910213532287
3949,GDA121,"płk. Wilka-Krzyżanowskiego 2a, 80-271 Gdańsk",54.3886109,18.5810215,10,0,4,Plaza Brzezno - Molo,3952.883782884151,5310,5180,548,1758,2062,1100,-130,10490,1049,0.3310734463276836,0.2071563088512241,0.38832391713747644
3950,GDA122,"Bernarda Chrzanowskiego 64D, 80-289 Gdańsk",54.3867775,18.5782197,10,1,2,Plaza Brzezno - Molo,4225.265970926695,1747,1571,158,635,791,189,-176,3318,331.8,0.363480251860332,0.10818546078992558,0.4527761877504293
3951,GDA123,"Piotra Norblina 11A, 80-304 Gdańsk",54.3867877,18.5722504,10,0,0,Plaza Brzezno - Molo,4506.369110117639,1953,1841,243,846,715,178,-112,3794,379.4,0.43317972350230416,0.09114183307731695,0.36610343061955963
3952,GDA124,"Piotra Michałowskiego 48, 80-300 Gdańsk",54.3854283,18.5697635,10,0,0,Plaza Brzezno - Molo,4727.133947599621,3580,3542,586,1408,1317,329,-38,7122,712.2,0.39329608938547483,0.09189944134078212,0.36787709497206705
3953,GDA125,"Aleja Grunwaldzka 232/4, 80-266 Gdańsk",54.3893661,18.5875447,10,1,0,Plaza Brzezno - Molo,3601.446496554709,10398,10043,488,3365,5352,1402,-355,20441,2044.1,0.32361992690902097,0.13483362185035583,0.5147143681477208
3954,GDA126,"Braci Lewoniewskich 2a, 80-465 Gdańsk",54.3870902,18.5920846,10,2,2,Plaza Brzezno - Molo,3616.903118059927,7116,6955,255,1517,3876,1599,-161,14071,1407.1,0.2131815626756605,0.22470489038785835,0.5446880269814502
3955,GDA127,"Karola Szymanowskiego 2, 80-280 Gdańsk",54.3861257,18.592266,10,1,1,Plaza Brzezno - Molo,3698.2516597822737,10890,10577,722,3948,4867,1526,-313,21467,2146.7,0.362534435261708,0.1401285583103765,0.44692378328741966
3957,GDA129,"Bernarda Chrzanowskiego 38, 80-278 Gdańsk",54.384644,18.581958,10,1,0,Plaza Brzezno - Molo,4235.075255299174,3116,3008,314,1161,1300,424,-108,6124,612.4,0.3725930680359435,0.13607188703465983,0.417201540436457
3958,GDA130,"Karola Szymanowskiego 14, 80-280 Gdańsk",54.3838928,18.5883165,10,2,0,Plaza Brzezno - Molo,4048.058937050578,15102,14925,1370,4531,6945,2538,-177,30027,3002.7,0.3000264865580718,0.16805721096543505,0.4598728645212555
3959,GDA131,"prof. Witolda Andruszkiewicza 5, 80-601 Gdańsk",54.36695895343297,18.692842698375728,10,1,0,Plaza Stogi,2444.508288988432,583,482,4,57,507,17,-101,1065,106.5,0.09777015437392796,0.029159519725557463,0.869639794168096
3960,GDA132,"Juliusza Słowackiego 29/87, 80-257 Gdańsk",54.3807519,18.5881958,10,3,1,Plaza Brzezno - Molo,4342.109866425678,13464,13249,1240,4235,6135,2068,-215,26713,2671.3,0.3145424836601307,0.15359477124183007,0.4556595365418895
3961,GDA133,"Partyzantów 72/82, 80-254 Gdańsk",54.3790489,18.5885755,10,0,1,Plaza Brzezno - Molo,4489.879308472373,5799,5606,558,2148,2715,543,-193,11405,1140.5,0.37040869115364716,0.09363683393688567,0.46818416968442833
3962,GDA134,"Róży Ostrowskiej 74, 80-001 Gdańsk",54.3786056,18.5869609,10,0,1,Plaza Brzezno - Molo,4586.570549094383,1456,1308,67,719,660,42,-148,2764,276.4,0.49381868131868134,0.028846153846153848,0.4532967032967033
3963,GDA135,"Partyzantów 103, 80-254 Gdańsk",54.3784701,18.5839192,10,1,0,Plaza Brzezno - Molo,4706.209881011935,8935,8787,1439,2717,3873,1113,-148,17722,1772.2,0.3040850587576945,0.12456631225517627,0.43346390598768886
3964,GDA136,"Srebrniki 5, 80-282 Gdańsk",54.3767013,18.5804027,10,1,0,Plaza Brzezno - Molo,4997.0544235654315,2951,2832,207,1153,1456,183,-119,5783,578.3,0.3907150118603863,0.062012876990850556,0.4933920704845815
3965,GDA137,"Juliusza Słowackiego 89, 80-283 Gdańsk",54.3772656,18.5718838,10,0,3,Plaza Brzezno - Molo,5282.785042031698,4430,4202,609,1396,1960,573,-228,8632,863.2,0.31512415349887135,0.12934537246049663,0.44243792325056436
3966,GDA138,"Góralska 51A, 80-292 Gdańsk",54.380102,18.5599233,10,0,2,Plaza Brzezno - Molo,5596.877201435133,3648,3588,928,1096,1437,301,-60,7236,723.6,0.30043859649122806,0.0825109649122807,0.3939144736842105
3967,GDA139,"Góralska 13B, 80-292 Gdańsk",54.3765635,18.5648296,10,1,0,Plaza Brzezno - Molo,5644.565680902323,3423,3255,553,1138,1414,434,-168,6678,667.8,0.3324569091440257,0.12678936605316973,0.4130879345603272
3968,GDA140,"Mazowiecka 1, 80-292 Gdańsk",54.374532,18.5669034,10,1,2,Plaza Brzezno - Molo,5723.267032557541,6037,5852,766,1854,2629,897,-185,11889,1188.9,0.30710617856551264,0.14858373364253769,0.4354811992711612
3969,GDA141,"Jerzego Waldorffa 3, 80-283 Gdańsk",54.3669795,18.5490937,10,0,1,Plaza Brzezno - Molo,7119.153749877779,1329,1283,197,435,571,137,-46,2612,261.2,0.327313769751693,0.10308502633559068,0.4296463506395786
3970,GDA142,"Potokowa 25, 80-283 Gdańsk",54.3626549,18.5586863,10,0,0,Plaza Brzezno - Molo,7087.207355333203,3413,3496,289,1427,1411,333,83,6909,690.9,0.4181072370348667,0.09756812188690302,0.41341927922648697
3971,GDA143,"Rakoczego 7, 80-288 Gdańsk",54.3649788,18.5729407,10,0,5,Plaza Brzezno - Molo,6352.917876348953,5094,4884,411,1778,2388,627,-210,9978,997.8,0.3490380840204162,0.12308598351001178,0.46878680800942285
3972,GDA144,Jana Kilińskiego 35,54.3863544,18.6057714,10,3,0,Plaza Brzezno - Molo,3262.711267960276,5746,5601,526,1779,2556,1028,-145,11347,1134.7,0.30960668290985033,0.17890706578489385,0.4448311869126349
3973,GDA145,Aleja Legionów 15,54.3875896,18.6107299,10,0,2,Plaza Brzezno - Molo,3026.3719832920456,5623,5406,690,1635,2585,942,-217,11029,1102.9,0.29077005157389296,0.1675262315489952,0.4597190112039836
3974,GDA146,Tadeusza Kościuszki 80A,54.3882076,18.6169725,10,1,0,Plaza Brzezno - Molo,2865.6758254219662,9162,9075,1256,3226,3682,1246,-87,18237,1823.7,0.3521065269591792,0.1359965073128138,0.4018773193625846
3975,GDA147,Aleja Generała Józefa Hallera 165,54.3882139,18.6228009,10,0,3,Plaza Brzezno - Molo,2825.909781397897,19456,19925,2167,5846,8870,3055,469,39381,3938.1,0.30047286184210525,0.15702097039473684,0.45590049342105265
3976,GDA148,"Racławicka 17C, 80-407 Gdańsk",54.3870641,18.62887,10,0,0,Plaza Brzezno - Molo,2965.664649661582,9502,9513,1650,3106,3894,1127,11,19015,1901.5,0.32687855188381393,0.11860660913491897,0.4098084613765523
3977,GDA149,Bolesława Chrobrego 27,54.3858291,18.6164044,10,3,0,Plaza Brzezno - Molo,3132.5796507493696,4408,4313,592,1720,1754,495,-95,8721,872.1,0.39019963702359345,0.11229582577132487,0.39791288566243194
3978,GDA150,"Jana Pestalozziego 1, 80-445 Gdańsk",54.384664,18.6092919,10,1,0,Plaza Brzezno - Molo,3364.693630985246,4575,4473,495,1431,1976,756,-102,9048,904.8,0.31278688524590165,0.16524590163934427,0.43191256830601094
3979,GDA151,"Nad Stawem 8, 80-452 Gdańsk",54.383761,18.606117,10,3,0,Plaza Brzezno - Molo,3524.613862375467,14635,14529,729,3527,7574,3072,-106,29164,2916.4,0.24099760847283908,0.20990775538093612,0.5175264776221387
3980,GDA152,"Jana Kilińskiego 2, 80-001 Gdańsk",54.3817683,18.6065998,10,0,5,Plaza Brzezno - Molo,3724.2136942850207,7471,6363,569,2001,3577,1498,-1108,13834,1383.4,0.26783563110694686,0.20050863338241198,0.47878463391781556
3981,GDA153,"Jana Kilińskiego 2, Gdańsk",54.38160126357985,18.60715160906335,10,1,1,Plaza Brzezno - Molo,3731.007359015593,14934,13388,1110,3612,7475,3059,-1546,28322,2832.2,0.24186420249096022,0.20483460559796438,0.5005356903709656
3982,GDA154,Joachima Lelewela 18A,54.3831607,18.6144484,10,4,3,Plaza Brzezno - Molo,3447.028983943927,8586,8259,847,2570,3924,1324,-327,16845,1684.5,0.29932448171441883,0.1542045189843932,0.4570230607966457
3983,GDA155,"Danusi 4D, 80-434 Gdańsk",54.3810278,18.6136476,10,6,0,Plaza Brzezno - Molo,3689.7197199031984,7977,7768,826,2508,3713,1132,-209,15745,1574.5,0.31440391124482886,0.1419079854581923,0.465463206719318
3984,GDA156,"Aleja Grunwaldzka 141, 80-264 Gdańsk",54.382873,18.5985451,10,1,5,Plaza Brzezno - Molo,3806.715030480096,38784,37117,1283,9589,22190,6557,-1667,75901,7590.1,0.2472411303630363,0.16906456270627063,0.5721431518151815
3985,GDA157,Romana Dmowskiego 11C,54.3812316,18.6054209,10,1,12,Plaza Brzezno - Molo,3805.000857115787,12994,11453,1449,3536,5872,2305,-1541,24447,2444.7,0.27212559642912115,0.17738956441434509,0.45190087732799755
3986,GDA158,Klonowa 4D,54.3810553,18.6052818,10,1,10,Plaza Brzezno - Molo,3826.46494978545,12101,11347,953,3308,6074,2093,-754,23448,2344.8,0.2733658375340881,0.17296091232129576,0.5019419882654326
3987,GDA159,"Aleja Grunwaldzka 117, 80-244 Gdańsk",54.3800692,18.6036406,10,3,2,Plaza Brzezno - Molo,3965.166262606016,14863,14274,781,4336,7677,2300,-589,29137,2913.7,0.2917311444526677,0.15474668640247594,0.5165175267442643
3988,GDA160,Aleja Grunwaldzka 122,54.379909,18.6024964,10,0,2,Plaza Brzezno - Molo,4007.578379065556,4754,4170,331,1196,2478,818,-584,8924,892.4,0.2515776188472865,0.17206562894404712,0.5212452671434581
3989,GDA161,"Obywatelska 1, 80-259 Gdańsk",54.3807591,18.5936781,10,3,0,Plaza Brzezno - Molo,4160.375239255112,4332,3977,386,1176,2086,743,-355,8309,830.9,0.27146814404432135,0.17151431209602955,0.48153277931671284
3990,GDA162,Partyzantów 59,54.3790935,18.5952564,10,1,0,Plaza Brzezno - Molo,4277.822556893892,5070,4678,610,1625,2321,597,-392,9748,974.8,0.32051282051282054,0.11775147928994083,0.45779092702169627
3991,GDA163,"Partyzantów 29, 80-254 Gdańsk",54.3784965,18.6006421,10,0,0,Plaza Brzezno - Molo,4197.382121042213,6020,5731,849,2011,2566,680,-289,11751,1175.1,0.3340531561461794,0.11295681063122924,0.4262458471760797
3992,GDA164,Partyzantów 13C,54.3781091,18.6036896,10,2,0,Plaza Brzezno - Molo,4169.813363118484,3058,2936,172,944,1530,470,-122,5994,599.4,0.30869849574885544,0.15369522563767168,0.5003270111183781
3993,GDA165,"Brzozowa 1, 80-243 Gdańsk",54.3796897,18.6072603,10,5,0,Plaza Brzezno - Molo,3932.304512094201,5040,4723,293,1482,2389,1003,-317,9763,976.3,0.29404761904761906,0.1990079365079365,0.4740079365079365
3994,GDA166,"Romana Dmowskiego 17, 80-243 Gdańsk",54.3786475,18.6076413,10,7,3,Plaza Brzezno - Molo,4036.883533377515,7564,6730,383,2182,3781,1345,-834,14294,1429.4,0.2884717080909572,0.17781597038603913,0.49986779481755683
3995,GDA167,"Aleja Grunwaldzka 92, 80-244 Gdańsk",54.3778801,18.607229,10,6,5,Plaza Brzezno - Molo,4126.2537285079525,17013,15775,537,5074,9033,2786,-1238,32788,3278.8,0.29824252042555693,0.16375712690295657,0.5309469229412802
3996,GDA168,"Aleja Grunwaldzka 78, 80-244 Gdańsk",54.37741252771667,18.608731177632336,10,3,1,Plaza Brzezno - Molo,4151.454130046372,11645,11031,370,3209,6569,1702,-614,22676,2267.6,0.2755689136968656,0.14615714899098325,0.5641047659939888
3997,GDA169,Aleja Grunwaldzka 59,54.3771223,18.6110659,10,2,0,Plaza Brzezno - Molo,4148.596030833982,7889,6918,507,2293,4004,1274,-971,14807,1480.7,0.29065787805805554,0.16149068322981366,0.5075421472937001
3998,GDA170,Aleja Grunwaldzka 62,54.3766916,18.6113386,10,4,0,Plaza Brzezno - Molo,4191.838460982058,4158,3287,239,1345,2066,582,-871,7445,744.5,0.32347282347282347,0.13997113997113997,0.49687349687349686
3999,GDA171,Stefana Batorego 2C,54.3747027,18.605363,10,0,0,Plaza Brzezno - Molo,4499.119972957454,9018,8820,666,3009,4104,1386,-198,17838,1783.8,0.333666001330672,0.1536926147704591,0.4550898203592814
4000,GDA172,Adama Mickiewicza 24,54.3832844,18.6225117,10,1,2,Plaza Brzezno - Molo,3374.362316399251,11572,11241,1175,3753,5140,1825,-331,22813,2281.3,0.3243173176633253,0.15770826132042862,0.44417559626685105
4001,GDA173,"Mikołaja Reja 34, 80-557 Gdańsk",54.37943677352865,18.631608086421323,10,2,0,Plaza Brzezno - Molo,3828.116648244442,8011,7506,720,2357,4179,890,-505,15517,1551.7,0.2942204468855324,0.11109724129322182,0.5216577206341281
4002,GDA174,"Stanisława Wyspiańskiego 20a, 80-434 Gdańsk",54.3789441,18.6161891,10,2,0,Plaza Brzezno - Molo,3891.501516455475,7846,7642,730,3089,3006,1162,-204,15488,1548.8,0.3937037981136885,0.14810094315574815,0.3831251593168494
4003,GDA175,"Stanisława Wyspiańskiego 5A, 80-432 Gdańsk",54.3776101,18.6191375,18,1,0,Plaza Brzezno - Molo,4017.696895450754,7288,6934,761,2588,2916,1221,-354,14222,790.1111111111111,0.35510428100987923,0.1675356750823271,0.40010976948408344
4004,GDA176,Aleja Generała Józefa Hallera 17,54.3764376,18.6239194,10,1,3,Plaza Brzezno - Molo,4133.519685975842,5264,5001,374,1694,2464,873,-263,10265,1026.5,0.32180851063829785,0.1658434650455927,0.46808510638297873
4005,GDA177,"Kliniczna 1b, 80-402 Gdańsk",54.3757278,18.6265248,10,0,2,Plaza Brzezno - Molo,4214.470070391643,4671,4163,743,1293,2130,614,-508,8834,883.4,0.27681438664097624,0.1314493684435881,0.45600513808606297
4006,GDA178,"Kliniczna 2A, 80-402 Gdańsk",54.3745445,18.6271898,10,0,3,Plaza Brzezno - Molo,4347.531571953508,5507,5378,644,1243,3031,690,-129,10885,1088.5,0.22571272925367714,0.1252950789903759,0.5503904122026512
4007,GDA179,Twarda 21,54.3742427,18.6310134,10,0,2,Plaza Brzezno - Molo,4398.0804829880935,8475,8264,746,2138,4974,748,-211,16739,1673.9,0.2522713864306785,0.08825958702064897,0.5869026548672567
4008,GDA180,"Aleja Grunwaldzka 19/23, 80-236 Gdańsk",54.37618037663131,18.614230389256303,10,1,3,Plaza Brzezno - Molo,4214.137642876493,15372,14777,872,4458,7848,2437,-595,30149,3014.9,0.290007806401249,0.15853499869893312,0.5105386416861827
4009,GDA181,"Aleja Grunwaldzka 30/32C, 80-229 Gdańsk",54.375647771204,18.614252353285902,16,3,2,Plaza Brzezno - Molo,4272.418764131734,11687,11423,789,3465,5808,1856,-264,23110,1444.375,0.2964832720116369,0.1588089330024814,0.4969624368956961
4010,GDA182,"Aleja Grunwaldzka 16, 80-236 Gdańsk",54.3751631,18.6177496,10,3,1,Plaza Brzezno - Molo,4296.984686561616,3785,3565,146,1196,1957,571,-220,7350,735,0.31598414795244384,0.15085865257595774,0.5170409511228534
4011,GDA183,"Bohaterów Getta Warszawskiego 8, 80-230 Gdańsk",54.37324948344809,18.615901015799068,10,1,0,Plaza Brzezno - Molo,4521.803522781029,7931,8253,482,2732,4508,484,322,16184,1618.4,0.3444710629176649,0.06102635228848821,0.5684024713150927
4012,GDA184,"Gabriela Narutowicza 11, 80-233 Gdańsk",54.3725143,18.6202129,10,1,0,Plaza Brzezno - Molo,4577.820463948908,5781,5702,169,2043,3290,438,-79,11483,1148.3,0.35339906590555265,0.07576543850544888,0.5691056910569106
4013,GDA185,"Trubadurów 6e, 80-205 Gdańsk",54.3732583,18.6256751,10,3,1,Plaza Brzezno - Molo,4487.616733558704,6305,5499,633,2029,2841,935,-806,11804,1180.4,0.3218080888183981,0.14829500396510706,0.4505947660586836
4014,GDA186,"Aleja Zwycięstwa 15, 80-219 Gdańsk",54.3720981,18.6257255,10,4,3,Plaza Brzezno - Molo,4616.662866420247,10352,9942,492,3009,4796,2177,-410,20294,2029.4,0.29066846986089645,0.21029752704791344,0.4632921174652241
4015,GDA187,"Do Studzienki 32, 80-227 Gdańsk",54.3700074,18.6106885,10,3,1,Plaza Brzezno - Molo,4929.452259450039,9443,9572,943,2834,3984,1871,129,19015,1901.5,0.30011648840410887,0.19813618553425819,0.4218998199724664
4016,GDA188,"Traugutta 81, 80-221 Gdańsk",54.3704346,18.6160961,10,2,0,Plaza Brzezno - Molo,4831.181545668011,4546,4631,217,1377,2763,314,85,9177,917.7,0.3029036515618126,0.06907171139463264,0.6077870655521338
4017,GDA189,"Jana III Sobieskiego 13, 80-216 Gdańsk",54.36708554791048,18.61281381928779,10,1,2,Plaza Brzezno - Molo,5227.75849778029,6031,5857,484,2205,2640,842,-174,11888,1188.8,0.36561100978278893,0.13961200464267948,0.4377383518487813
4018,GDA190,"Mariana Smoluchowskiego 16, 80-214 Gdańsk",54.3665723,18.6201621,10,1,2,Plaza Brzezno - Molo,5237.681932422263,7930,7759,314,2985,4406,385,-171,15689,1568.9,0.3764186633039092,0.048549810844892814,0.5556116015132408
4019,GDA191,"Traugutta 1, 80-221 Gdańsk",54.368406,18.6299202,10,1,3,Plaza Brzezno - Molo,5038.96239190218,9359,8938,855,3230,4417,1022,-421,18297,1829.7,0.3451223421305695,0.10919970082273747,0.4719521316379955
4020,GDA192,"Dębinki 7B, 80-211 Gdańsk",54.366357,18.6266482,10,4,1,Plaza Brzezno - Molo,5256.23861703852,9117,8990,340,3735,4810,383,-127,18107,1810.7,0.4096742349457058,0.04200943292749808,0.5275858286717122
4021,GDA193,Dębowa 3-1 80-208 Gdańsk,54.362416,18.629916,10,3,0,Plaza Brzezno - Molo,5703.544337624971,6951,6465,476,2722,2923,965,-486,13416,1341.6,0.39159833117537046,0.13882894547547114,0.4205150338080852
4022,GDA194,"Ludwika Pasteura 6, 80-215 Gdańsk",54.3622667,18.6054253,10,1,0,Plaza Brzezno - Molo,5840.3560555582235,3119,2893,296,1226,1410,299,-226,6012,601.2,0.3930747034305867,0.09586405899326707,0.45206797050336645
4023,GDA195,"Cygańska Góra 12C, 80-171 Gdańsk",54.3591433,18.6178024,10,0,2,Plaza Brzezno - Molo,6071.651345018756,1384,1195,247,558,458,164,-189,2579,257.9,0.4031791907514451,0.11849710982658959,0.3309248554913295
4024,GDA196,"Powstańców Warszawskich 53, 80-165 Gdańsk",54.3565491,18.6194251,10,0,1,Plaza Brzezno - Molo,6353.186867801969,3933,3796,418,1389,1619,566,-137,7729,772.9,0.3531655225019069,0.14391050088990592,0.41164505466564966
4025,GDA197,"Beethovena 19, 80-171 Gdańsk",54.355608,18.6139066,10,5,2,Plaza Brzezno - Molo,6485.494367021321,4263,3978,555,1343,1788,675,-285,8241,824.1,0.31503635937133473,0.15833919774806474,0.41942294159042925
4026,GDA198,"Beethovena 78, 80-171 Gdańsk",54.3560633,18.6065686,10,2,0,Plaza Brzezno - Molo,6502.700210251385,1406,1112,149,553,560,172,-294,2518,251.8,0.3933143669985775,0.12233285917496443,0.39829302987197723
4027,GDA199,"Ignacego Paderewskiego 7, 80-171 Gdańsk",54.3534891,18.6076306,10,1,1,Plaza Brzezno - Molo,6773.175233598127,2807,2639,419,1019,1083,346,-168,5446,544.6,0.363021018881368,0.12326327039543997,0.38582116138225864
4028,GDA200,"Karola Kurpińskiego 7, 80-169 Gdańsk",54.3534209,18.5998351,10,0,0,Plaza Brzezno - Molo,6879.761469165356,1818,1668,307,589,759,218,-150,3486,348.6,0.323982398239824,0.11991199119911991,0.4174917491749175
4029,GDA201,"Schuberta 79, 80-172 Gdańsk",54.3541029,18.5955175,10,0,1,Plaza Brzezno - Molo,6876.8322498669495,5541,5149,210,1736,3262,449,-392,10690,1069,0.31330084822234255,0.08103230463815196,0.5887024002887565
4030,GDA202,"Jaśkowa Dolina 93, 80-286 Gdańsk",54.364383,18.5889872,10,1,0,Plaza Brzezno - Molo,5935.610112447852,5795,5019,639,1968,2542,654,-776,10814,1081.4,0.33960310612597067,0.11285591026747196,0.43865401207937876
4031,GDA203,"Franciszka Zabłockiego 1B, 80-287 Gdańsk",54.3617528,18.593818,10,0,1,Plaza Brzezno - Molo,6097.617885022527,4582,3537,657,1733,1819,458,-1045,8119,811.9,0.37821911828895677,0.09995635093845483,0.3969882147533828
4032,GDA204,"ul. Nałkowskiej 3, 80-288 Gdańsk",54.360485,18.5898757,10,4,0,Plaza Brzezno - Molo,6316.970557521287,6597,5212,1085,1848,2799,1010,-1385,11809,1180.9,0.28012733060482037,0.15309989389116266,0.4242837653478854
4033,GDA205,"Rakoczego 17, 80-288 Gdańsk",54.3579299,18.5859542,10,3,2,Plaza Brzezno - Molo,6674.045943771412,8472,7539,921,2445,3898,1394,-933,16011,1601.1,0.28859773371104813,0.1645420207743154,0.4601038715769594
4034,GDA206,"Rakoczego 5, 80-288 Gdańsk",54.3589207,18.5784842,10,2,0,Plaza Brzezno - Molo,6770.176882965889,7178,6437,862,2008,3307,1140,-741,13615,1361.5,0.27974366118696015,0.15881861242685985,0.46071329061019783
4035,GDA207,Powstania Listopadowego 2A,54.3552956,18.5776858,10,1,2,Plaza Brzezno - Molo,7156.219682546171,5539,4319,1015,1730,2166,706,-1220,9858,985.8,0.3123307456219534,0.12745983029427693,0.3910453150388157
4036,GDA208,"ul. Bulońska 46, 80-288 Gdańsk",54.3522199,18.5762294,10,1,4,Plaza Brzezno - Molo,7506.288469505424,5097,4361,917,1556,2000,714,-736,9458,945.8,0.3052776142829115,0.14008240141259565,0.39238767902687854
4037,GDA209,Warneńska 4A,54.35740915884517,18.582937337071485,10,0,4,Plaza Brzezno - Molo,6802.581251816633,2872,1972,473,1050,955,394,-900,4844,484.4,0.36559888579387184,0.1371866295264624,0.3325208913649025
4038,GDA210,"Warneńska 4/6, 80-288 Gdańsk",54.357412271370805,18.583287565715636,10,0,4,Plaza Brzezno - Molo,6793.335789166224,6744,5114,983,2043,2833,1015,-1630,11858,1185.8,0.3029359430604982,0.1505041518386714,0.42007710557532624
4039,GDA211,Franciszka Rakoczego 23,54.3556929,18.5880039,10,0,4,Plaza Brzezno - Molo,6858.666160415032,4589,3777,465,1722,1818,637,-812,8366,836.6,0.37524515144911746,0.1388101983002833,0.39616474177380695
4040,GDA212,Generała Władysława Andersa 28,54.3533406,18.5495486,10,0,3,Plaza Brzezno - Molo,8272.291427962127,4707,4470,280,1416,2581,522,-237,9177,917.7,0.3008285532186106,0.11089866156787763,0.5483322710856172
4041,GDA213,"Gen. Władysława Andersa 2, 80-175 Gdańsk",54.3493715,18.5510681,10,0,1,Plaza Brzezno - Molo,8578.960224907678,4097,3674,338,1179,1939,696,-423,7771,777.1,0.2877715401513302,0.16988040029289725,0.4732731266780571
4042,GDA214,"Myśliwska 61A, 80-283 Gdańsk",54.3505607,18.5593772,10,0,1,Plaza Brzezno - Molo,8179.403726677187,5697,5536,870,1820,2374,716,-161,11233,1123.3,0.31946638581709674,0.12568018255222047,0.4167105494119712
4043,GDA215,"Morenowe Wzgórze 2, 80-283 Gdańsk",54.349985,18.566196,10,0,0,Plaza Brzezno - Molo,8017.393767008572,6787,6558,1435,1964,2568,943,-229,13345,1334.5,0.28937674966848387,0.1389420951819655,0.378370414026816
4044,GDA216,"Damroki 89, 80-177 Gdańsk",54.3443106,18.5627266,10,1,0,Plaza Brzezno - Molo,8680.557238199888,2723,2504,663,737,1093,298,-219,5227,522.7,0.27065736320235034,0.10943811972089607,0.4013955196474477
4045,GDA217,"Damroki 30, 80-177 Gdańsk",54.3416273,18.5659397,10,0,0,Plaza Brzezno - Molo,8855.524921040811,3639,3387,840,868,1452,522,-252,7026,702.6,0.23852706787579006,0.1434460016488046,0.39901071723000825
4046,GDA218,"Pólnicy 3, 80-177 Gdańsk",54.3408377,18.5614069,10,1,1,Plaza Brzezno - Molo,9063.361331975755,6202,5610,787,1982,2620,881,-592,11812,1181.2,0.31957433086101256,0.14205095130603032,0.42244437278297325
4047,GDA219,"Damroki 2, 80-177 Gdańsk",54.3388441,18.5646007,10,2,2,Plaza Brzezno - Molo,9172.564449256157,3425,3033,404,900,1527,632,-392,6458,645.8,0.26277372262773724,0.18452554744525548,0.44583941605839417
4048,GDA220,"Kartuska 313, 80-125 Gdańsk",54.3420595,18.5788379,10,0,0,Plaza Brzezno - Molo,8486.531109958525,947,818,147,306,410,101,-129,1765,176.5,0.32312565997888065,0.10665258711721225,0.43294614572333684
4049,GDA221,"Piekarnicza 21, 80-126 Gdańsk",54.3500062,18.5825829,10,1,0,Plaza Brzezno - Molo,7574.056569037767,3280,3148,641,1032,1303,350,-132,6428,642.8,0.3146341463414634,0.10670731707317073,0.39725609756097563
4050,GDA222,"Piekarnicza 3, 80-126 Gdańsk",54.3508722,18.5861135,10,4,0,Plaza Brzezno - Molo,7404.472742151003,5296,4997,923,1754,2041,683,-299,10293,1029.3,0.3311933534743202,0.12896525679758308,0.3853851963746224
4051,GDA223,"Rakoczego 28, 80-171 Gdańsk",54.3514846,18.5918886,10,0,4,Plaza Brzezno - Molo,7222.478241055741,12265,11845,856,3360,6019,2231,-420,24110,2411,0.2739502649816551,0.18189971463514065,0.49074602527517325
4052,GDA224,Stanisława Lema 21,54.3492576,18.5902917,10,0,0,Plaza Brzezno - Molo,7489.573878529962,3404,3177,717,1059,1221,478,-227,6581,658.1,0.3111045828437133,0.14042303172737955,0.358695652173913
4053,GDA225,Kartuska 274,54.3447971,18.5898401,10,0,1,Plaza Brzezno - Molo,7972.995794849884,2241,2096,460,754,846,215,-145,4337,433.7,0.3364569388665774,0.09593931280678268,0.37751004016064255
4054,GDA226,"Kartuska 234, 80-122 Gdańsk",54.3460552,18.5980766,10,1,1,Plaza Brzezno - Molo,7703.33291383451,3434,3343,341,1111,1699,327,-91,6777,677.7,0.3235294117647059,0.09522422830518346,0.4947582993593477
4055,GDA227,"Stary Dwór, 80-758 Gdańsk",54.35534281733041,18.675294632525464,10,0,1,Plaza Stogi,4126.5820990595885,2982,2859,316,945,1413,362,-123,5841,584.1,0.31690140845070425,0.12139503688799463,0.4738430583501006
4056,GDA228,"Kartuska 190, 80-122 Gdańsk",54.3482447,18.6064985,10,2,6,Plaza Brzezno - Molo,7360.570215385019,4320,4081,501,1260,2071,560,-239,8401,840.1,0.2916666666666667,0.12962962962962962,0.47939814814814813
4057,GDA229,Kartuska 145,54.3493047,18.6132975,10,0,2,Plaza Brzezno - Molo,7186.738756746454,6970,6856,1024,2165,2842,1132,-114,13826,1382.6,0.31061692969870874,0.1624103299856528,0.4077474892395983
4058,GDA230,Kartuska 126,54.3486984,18.6182183,10,2,4,Plaza Brzezno - Molo,7229.077356256185,5153,5032,789,1865,2055,528,-121,10185,1018.5,0.361925092179313,0.10246458373762857,0.3987968173879294
4059,GDA231,Ciasna 1,54.3491765,18.6250098,10,1,2,Plaza Brzezno - Molo,7164.773324477288,8379,8223,1168,2935,3373,1062,-156,16602,1660.2,0.35028046306241795,0.1267454350161117,0.4025540040577635
4060,GDA232,"Kolonia Praca 28, 80-156 Gdańsk",54.3580385,18.6297944,10,0,0,Plaza Brzezno - Molo,6188.9876609146395,4455,4317,396,1546,1865,749,-138,8772,877.2,0.34702581369248037,0.1681257014590348,0.4186307519640853
4061,GDA233,Gradowa 8,54.3566643,18.6398094,10,2,0,Plaza Stogi,6020.395627670895,912,840,10,221,541,149,-72,1752,175.2,0.24232456140350878,0.16337719298245615,0.5932017543859649
4062,GDA234,"Powstańców Warszawskich 17, 80-152 Gdańsk",54.3538696,18.633203,10,2,0,Plaza Stogi,6539.196542564236,5435,5279,698,1811,2170,828,-156,10714,1071.4,0.33321067157313705,0.15234590616375346,0.39926402943882244
4063,GDA235,"Kartuska 26, 80-104 Gdańsk",54.3506312,18.6317593,10,1,1,Plaza Stogi,6783.089816448348,10779,10785,1444,3203,4532,1769,6,21564,2156.4,0.2971518693756378,0.1641154095927266,0.4204471657853233
4064,GDA236,"Kartuska 5, 80-103 Gdańsk",54.3515382,18.6367922,10,6,2,Plaza Stogi,6447.6042519979665,8397,8199,740,3111,3277,1437,-198,16596,1659.6,0.37048946052161486,0.1711325473383351,0.39025842562820057
4065,GDA237,Nowe Ogrody 12,54.3514905,18.6405871,10,2,1,Plaza Stogi,6234.405786444617,5313,4925,185,2084,2609,643,-388,10238,1023.8,0.3922454357236966,0.12102390363259928,0.4910596649727085
4066,GDA238,Generała Antoniego Giełguda 4,54.3607214,18.6412126,10,0,0,Plaza Stogi,5764.516619244665,5197,4793,353,1315,2266,1343,-404,9990,999,0.25303059457379257,0.2584183182605349,0.4360207812199346
4067,GDA239,Plac Solidarności 1,54.3613583,18.6506061,10,4,0,Plaza Stogi,5171.733992410133,3944,3772,179,629,2844,339,-172,7716,771.6,0.15948275862068967,0.08595334685598377,0.7210953346855984
4068,GDA240,Doki 2-42,54.3603513,18.6498145,10,1,0,Plaza Stogi,5262.094439253741,7382,7361,497,1780,4101,1111,-21,14743,1474.3,0.24112706583581686,0.15050121918179354,0.5555405039284746
4069,GDA241,Rajska 14E,54.3578161,18.6473732,10,5,1,Plaza Stogi,5521.536003728302,7047,6822,396,1732,4081,931,-225,13869,1386.9,0.24577834539520363,0.13211295586774513,0.579111678728537
4070,GDA242,"Łagiewniki 3, 80-855 Gdańsk",54.3577167,18.6505507,10,11,0,Plaza Stogi,5340.655700879448,2639,2661,171,587,1433,496,22,5300,530,0.22243273967411897,0.18794998105342933,0.5430087154225085
4071,GDA243,Wałowa 25,54.3585179,18.6535883,10,2,1,Plaza Stogi,5124.718907057306,10795,10613,659,3535,4677,2059,-182,21408,2140.8,0.32746641963872164,0.19073645206113943,0.4332561371005095
4072,GDA244,"Jana Heweliusza 23, 80-861 Gdańsk",54.3567103,18.6518141,10,5,1,Plaza Stogi,5318.211868417392,2875,2772,202,829,1391,512,-103,5647,564.7,0.2883478260869565,0.17808695652173914,0.48382608695652174
4073,GDA245,"Jana Heweliusza 9, 80-890 Gdańsk",54.3558803,18.6490781,10,4,0,Plaza Stogi,5518.083078074296,17905,17809,533,4706,9986,2951,-96,35714,3571.4,0.26283161128176485,0.16481429768221167,0.5577213068975146
4074,GDA246,"3 Maja 12, 80-802 Gdańsk",54.35638854173584,18.64305009951181,10,0,9,Plaza Stogi,5842.595012893761,6768,6103,916,1733,2984,1278,-665,12871,1287.1,0.2560579196217494,0.18882978723404256,0.44089834515366433
4075,GDA247,"3 Maja 9, 80-802 Gdańsk",54.354424,18.6425814,10,0,0,Plaza Stogi,5966.400508342033,1246,927,100,330,610,229,-319,2173,217.3,0.26484751203852325,0.18378812199036917,0.4895666131621188
4076,GDA248,"Podwale Grodzkie 2D, 80-895 Gdańsk",54.355590626535445,18.64514977432239,10,1,13,Plaza Stogi,5759.273292539358,8533,7598,1060,1751,3798,2101,-935,16131,1613.1,0.20520332825500995,0.24622055549044886,0.44509551154341964
4077,GDA249,"Podwale Grodzkie 8, 80-895 Gdańsk",54.3556952,18.6460014,10,2,10,Plaza Stogi,5704.771245892439,7401,6819,939,1651,3229,1694,-582,14220,1422,0.22307796243750844,0.2288879881097149,0.4362923929198757
4078,GDA250,"Karmelicka 1, 80-851 Gdańsk",54.3552216,18.6460994,10,4,13,Plaza Stogi,5723.119284963766,10980,10381,1344,2637,5248,1928,-599,21361,2136.1,0.24016393442622952,0.175591985428051,0.47795992714025504
4079,GDA251,Elżbietańska 9/10,54.3543159,18.6463379,10,7,6,Plaza Stogi,5756.4905661689945,2966,2522,237,585,1603,613,-444,5488,548.8,0.19723533378287256,0.2066756574511126,0.540458530006743
4080,GDA252,"Wały Jagiellońskie 1, 80-854 Gdańsk",54.3521686,18.6455638,10,2,4,Plaza Stogi,5916.868797833848,11206,10890,534,2148,5718,2952,-316,22096,2209.6,0.1916830269498483,0.26343030519364624,0.5102623594502945
4081,GDA253,Podwale Staromiejskie 109/112,54.35253,18.6492476,10,1,0,Plaza Stogi,5690.857416356372,6297,6007,377,1465,2910,1640,-290,12304,1230.4,0.23265046847705256,0.26044148006987455,0.4621248213434969
4082,GDA254,"Wielkie Młyny 16, 80-849 Gdańsk",54.3543652,18.6500362,10,5,0,Plaza Stogi,5543.991786929626,4709,4442,304,1169,2218,1128,-267,9151,915.1,0.24824803567636441,0.23954130388617542,0.47101295391802933
4083,GDA255,"Plac Dominikański 7, 80-844 Gdańsk",54.3532291,18.6527757,10,5,0,Plaza Stogi,5455.06523841955,6783,6840,460,1703,2820,1889,57,13623,1362.3,0.2510688485920684,0.27849034350582336,0.4157452454666077
4084,GDA256,"Olejarna 2, 80-843 Gdańsk",54.354789,18.6547502,10,1,1,Plaza Stogi,5255.943273264734,3552,3423,399,840,1505,929,-129,6975,697.5,0.23648648648648649,0.2615427927927928,0.42370495495495497
4085,GDA257,"Sieroca 5A, 80-839 Gdańsk",54.3551761,18.6560876,10,3,0,Plaza Stogi,5159.445921994339,2525,2393,465,767,1085,289,-132,4918,491.8,0.30376237623762375,0.11445544554455446,0.4297029702970297
4086,GDA258,"Stępkarska 1, 80-859 Gdańsk",54.3569376,18.6605458,10,3,1,Plaza Stogi,4811.090710294152,6568,6104,166,1774,3753,963,-464,12672,1267.2,0.27009744214372716,0.14661997563946408,0.5714068209500609
4087,GDA259,"Podwale Staromiejskie 51/52, 80-845 Gdańsk",54.353761,18.657535,10,5,2,Plaza Stogi,5162.411075659518,9098,8531,587,2714,4025,1944,-567,17629,1762.9,0.29830732029017365,0.2136733347988569,0.44240492415915583
4088,GDA260,"Grobla IV 2, 80-837 Gdańsk",54.3527089,18.6546149,10,2,0,Plaza Stogi,5384.8512508097,2161,2027,127,648,993,460,-134,4188,418.8,0.2998611753817677,0.2128644146228598,0.45950948634891253
4089,GDA261,Straganiarska 33,54.3522016,18.6574222,10,12,0,Plaza Stogi,5264.254040977303,3708,3637,193,1021,1658,910,-71,7345,734.5,0.2753505933117584,0.24541531823085222,0.4471413160733549
4090,GDA262,"Szeroka 14, 80-835 Gdańsk",54.351767,18.651163,10,11,0,Plaza Stogi,5629.771100100167,4931,4405,379,1346,1858,1442,-526,9336,933.6,0.272966943824782,0.29243561143784225,0.3767998377611032
4091,GDA263,Grobla I 13,54.35113645517586,18.65427276741508,10,6,0,Plaza Stogi,5499.634534947623,4888,4704,380,1432,2082,1133,-184,9592,959.2,0.29296235679214405,0.2317921440261866,0.42594108019639937
4092,GDA264,Szeroka 82/83,54.35078509017845,18.656050659105915,10,9,1,Plaza Stogi,5427.012877539037,2665,2170,191,716,1122,692,-495,4835,483.5,0.26866791744840524,0.25966228893058163,0.4210131332082552
4093,GDA265,Świętego 26/30,54.3507136,18.6513221,10,15,0,Plaza Stogi,5684.735975974687,4653,4468,352,1157,2067,1173,-185,9121,912.1,0.2486567805716742,0.25209542230818827,0.4442295293359123
4094,GDA266,"Wały Jagiellońskie 2/4, 80-887 Gdańsk",54.3501741,18.646418,10,0,6,Plaza Stogi,5984.340466783688,20351,19617,1190,4642,9922,4967,-734,39968,3996.8,0.22809689941526215,0.24406663063240136,0.4875436096506314
4095,GDA267,Targ Węglowy 26,54.3504871,18.6452964,10,3,5,Plaza Stogi,6027.650634698287,24149,23975,661,5189,13888,4837,-174,48124,4812.4,0.21487432191809186,0.20029814899167667,0.5750962772785623
4096,GDA268,Wełniarska 19/20,54.3503531,18.6483054,1000,9,1,Plaza Stogi,5870.45484475793,2467,2241,223,425,1031,800,-226,4708,4.708,0.1722740170247264,0.3242805026347791,0.41791649777057155
4098,GDA270,Długa 62/63,54.34905526381269,18.65069880312367,10,10,0,Plaza Stogi,5821.512214215062,7347,6722,515,2181,3161,1703,-625,14069,1406.9,0.2968558595345039,0.2317952905948006,0.43024363685858175
4099,GDA271,Chlebnicka 24/25,54.34873195166085,18.65602720780805,10,14,0,Plaza Stogi,5562.739713411793,3522,2433,206,1042,1392,940,-1089,5955,595.5,0.29585462805224305,0.2668938103350369,0.39522998296422485
4101,GDA273,"Chmielna 37, 80-748 Gdańsk",54.345832,18.656115,10,1,1,Plaza Stogi,5758.379199592366,8887,8562,516,2241,4539,1726,-325,17449,1744.9,0.2521660852931248,0.19421627095757849,0.5107460335321256
4102,GDA274,Ogarna 85/86,54.3472795,18.6535085,10,1,0,Plaza Stogi,5790.411806729171,514,359,51,127,248,108,-155,873,87.3,0.24708171206225682,0.21011673151750973,0.48249027237354086
4103,GDA275,Węzeł Unii Europejskie N/A,54.3476185,18.6446368,10,1,4,Plaza Stogi,6236.11525724776,11489,10942,811,2600,5919,2369,-547,22431,2243.1,0.2263034206632431,0.20619723213508573,0.5151884411175908
4104,GDA276,Toruńska 2C,54.3453550005172,18.6457276062321,10,3,2,Plaza Stogi,6322.586062338589,12559,11939,1216,3385,6652,1504,-620,24498,2449.8,0.2695278286487778,0.11975475754439048,0.5296600047774505
4105,GDA277,Kocurki 1-5,54.3457448,18.6481569,10,5,0,Plaza Stogi,6170.122595737497,2832,2813,347,729,1388,446,-19,5645,564.5,0.2574152542372881,0.1574858757062147,0.4901129943502825
4106,GDA278,Rzeźnicka 58,54.3439738,18.6470072,10,0,0,Plaza Stogi,6348.496407608508,3961,3926,161,1091,2494,293,-35,7887,788.7,0.27543549608684675,0.07397121938904318,0.6296389800555415
4107,GDA279,Żabi Kruk 7A,54.3441829,18.649756,10,2,1,Plaza Stogi,6193.943596682114,3289,3174,182,1084,1606,467,-115,6463,646.3,0.3295834600182426,0.14198844633627242,0.4882943143812709
4108,GDA280,Chmielna 74/76,54.3443345,18.6550865,10,1,0,Plaza Stogi,5916.569322202802,4821,4429,462,1641,1984,778,-392,9250,925,0.3403858120721842,0.16137730761252853,0.4115328769964738
4109,GDA281,Łąkowa 10-3A,54.3432155,18.6624489,10,3,2,Plaza Stogi,5648.786435130731,8680,8629,639,2716,4524,992,-51,17309,1730.9,0.31290322580645163,0.11428571428571428,0.5211981566820276
4110,GDA282,Dobra 1A,54.3415569,18.655101,10,1,2,Plaza Stogi,6120.864940497217,6201,6103,1106,1920,2634,702,-98,12304,1230.4,0.3096274794388002,0.11320754716981132,0.424770198355104
4111,GDA283,Wróbla 11/12,54.3405042,18.6573326,10,0,2,Plaza Stogi,6096.646378893989,4754,4721,750,1509,1975,573,-33,9475,947.5,0.31741691207404293,0.12053007993268826,0.41543962978544385
4112,GDA284,Mostowa 1-19,54.3356972,18.6491868,10,0,2,Plaza Stogi,6847.928229092144,2282,2039,426,691,1043,220,-243,4321,432.1,0.3028045574057844,0.09640666082383874,0.4570552147239264
4113,GDA285,Szafarnia 6/2,54.35037575579551,18.659941794167196,10,6,0,Plaza Stogi,5250.135128451016,7143,6731,1116,2206,2871,1165,-412,13874,1387.4,0.30883382332353354,0.1630967380652387,0.4019319613607728
4114,GDA286,Długie Ogrody 57-9,54.3473335,18.6609488,10,4,0,Plaza Stogi,5411.077975950625,11854,11318,982,3581,5038,2490,-536,23172,2317.2,0.30209212080310444,0.21005567740846973,0.42500421798549015
4115,GDA287,Długie Ogrody 30-25,54.3479093,18.6651995,10,4,1,Plaza Stogi,5161.394724860615,5044,4929,505,1589,2279,744,-115,9973,997.3,0.3150277557494052,0.14750198255352895,0.45182394924662966
4116,GDA288,Długie Ogrody 4-86,54.3481559,18.6686969,10,0,6,Plaza Stogi,4975.9259161961045,3779,3672,354,1056,1825,592,-107,7451,745.1,0.2794390050277851,0.15665519978830378,0.48293199259063246
4117,GDA289,Podwale Przedmiejskie 1,54.3479098,18.6699327,10,0,5,Plaza Stogi,4937.014577149712,4522,4469,317,1363,2277,626,-53,8991,899.1,0.30141530296329055,0.1384343210968598,0.5035382574082264
4118,GDA290,Elbląska 73A,54.3494539,18.6747854,10,1,2,Plaza Stogi,4592.849240920247,3099,2965,303,1105,1486,297,-134,6064,606.4,0.35656663439819297,0.09583736689254599,0.47950951919974183
4119,GDA291,Głęboka 6-26,54.3522295,18.6721159,10,0,2,Plaza Stogi,4507.410274961157,3467,3232,211,1025,1900,375,-235,6699,669.9,0.29564464955292763,0.10816267666570523,0.5480242284395731
4120,GDA292,Przetoczna 1,54.3566886,18.6808614,10,2,1,Plaza Stogi,3754.40823707894,3399,3134,261,1018,1737,447,-265,6533,653.3,0.29949985289791115,0.13150926743159752,0.5110326566637247
4121,GDA293,Teofila Lenartowicza 29,54.3576277,18.683116,10,0,0,Plaza Stogi,3575.6990154357973,1810,1550,149,552,955,210,-260,3360,336,0.30497237569060776,0.11602209944751381,0.5276243093922652
4122,GDA294,Teofila Lenartowicza 20,54.3582948,18.6870117,10,0,0,Plaza Stogi,3338.9816389398266,2612,2330,470,651,1187,345,-282,4942,494.2,0.2492343032159265,0.13208269525267993,0.45444104134762636
4123,GDA295,Niska 6,54.3626443,18.7080234,10,0,0,Plaza Stogi,2097.3031267534934,2344,2499,342,853,900,278,155,4843,484.3,0.36390784982935154,0.11860068259385666,0.3839590443686007
4124,GDA296,Wilhelma Stryjewskiego 25,54.360727,18.7108389,10,4,0,Plaza Stogi,2203.322421968039,2866,3119,350,811,1209,523,253,5985,598.5,0.2829727843684578,0.18248429867411026,0.42184228890439635
4125,GDA297,Wilhelma Stryjewskiego 29F,54.3612279,18.7154781,10,2,2,Plaza Stogi,2046.5647190696332,2870,3060,361,823,1228,476,190,5930,593,0.2867595818815331,0.16585365853658537,0.42787456445993033
4126,GDA298,Tytusa Chałubińskiego 4,54.3421485,18.6259639,10,2,0,Plaza Stogi,7581.874432734821,2467,2198,425,776,974,342,-269,4665,466.5,0.3145520875557357,0.13862991487636805,0.39481151195784353
4127,GDA299,Tytusa Chałubińskiego 11,54.3418493,18.6221568,10,3,1,Plaza Stogi,7808.387099612142,1643,1389,373,486,655,168,-254,3032,303.2,0.295800365185636,0.10225197808886184,0.3986609860012173
4128,GDA300,Marcina Dragana 17-1U,54.3410202,18.617494,10,1,2,Plaza Brzezno - Molo,8084.143742691311,2252,1862,212,694,1029,353,-390,4114,411.4,0.30817051509769094,0.15674955595026643,0.45692717584369447
4129,GDA301,aleja  Sikorskiego - Wincentego Witosa  N/A,54.3384169,18.6178669,10,0,3,Plaza Stogi,8247.89293569256,2409,2194,208,744,1062,433,-215,4603,460.3,0.30884184308841844,0.1797426317974263,0.44084682440846823
4130,GDA302,Tytusa Chałubińskiego 37,54.3387535,18.618985,10,0,2,Plaza Stogi,8166.734604526903,2837,2365,170,961,1223,525,-472,5202,520.2,0.3387381036305957,0.18505463517800494,0.4310891787099048
4131,GDA303,Stanisława Worcella 33,54.3379348,18.6266183,10,2,3,Plaza Stogi,7809.7972932215935,6008,5749,1076,1648,2489,905,-259,11757,1175.7,0.27430093209054596,0.15063249001331558,0.4142809587217044
4132,GDA304,Telimeny 55,54.3429569,18.6117953,10,0,0,Plaza Brzezno - Molo,7898.831469970416,1129,1091,97,326,534,191,-38,2220,222,0.2887511071744907,0.1691762621789194,0.47298494242692646
4133,GDA305,Łostowicka 35,54.341552,18.6017141,10,0,0,Plaza Brzezno - Molo,8146.544415924896,1952,1780,174,594,963,247,-172,3732,373.2,0.3043032786885246,0.12653688524590165,0.49334016393442626
4134,GDA306,Rogalińska 21,54.3361757,18.5987548,10,0,2,Plaza Brzezno - Molo,8769.540673135814,4542,4219,410,1491,1884,837,-323,8761,876.1,0.3282694848084544,0.18428005284015853,0.4147952443857332
4135,GDA307,Bernarda Milskiego 1A,54.3370605,18.6032791,10,0,0,Plaza Brzezno - Molo,8621.54973377226,974,583,85,351,453,94,-391,1557,155.7,0.3603696098562628,0.09650924024640657,0.4650924024640657
4136,GDA308,Władysława Cieszyńskiego 38-6,54.3381058,18.6065688,10,2,1,Plaza Brzezno - Molo,8475.095270636333,1689,1306,333,448,662,259,-383,2995,299.5,0.26524570751924215,0.15334517465956188,0.3919478981645944
4137,GDA309,Władysława Cieszyńskiego 1D,54.338142,18.6108353,10,3,2,Plaza Brzezno - Molo,8437.792348026527,3362,3164,196,1028,1390,792,-198,6526,652.6,0.3057703747769185,0.23557406305770376,0.4134443783462225
4138,GDA310,Władysława Cieszyńskiego 36-49B,54.3372546,18.6125742,10,5,0,Plaza Brzezno - Molo,8525.044445041607,3289,3133,304,958,1512,554,-156,6422,642.2,0.2912739434478565,0.16844025539677712,0.4597141988446336
4139,GDA311,Profesora Romana Lipowicza 17,54.3339718,18.6163222,10,0,1,Plaza Stogi,8609.077787583088,2390,2307,216,823,904,482,-83,4697,469.7,0.34435146443514647,0.20167364016736403,0.3782426778242678
4140,GDA312,Nieborowska 11,54.3307245,18.6059462,10,2,0,Plaza Brzezno - Molo,9293.968934632583,5107,4888,938,1467,2019,769,-219,9995,999.5,0.28725279028784023,0.15057763853534364,0.39533972978265125
4141,GDA313,Rogalińska 5C,54.3288957,18.5991049,10,0,6,Plaza Brzezno - Molo,9561.680778001344,5060,4899,552,1259,2359,1016,-161,9959,995.9,0.24881422924901186,0.2007905138339921,0.4662055335968379
4142,GDA314,Rogalińska 21,54.3330705,18.5965454,10,3,3,Plaza Brzezno - Molo,9136.021105063022,3562,3418,310,1081,1635,611,-144,6980,698,0.3034811903425042,0.17153284671532848,0.4590117911285794
4143,GDA315,Cedrowa 42,54.3389576,18.5877542,10,0,1,Plaza Brzezno - Molo,8634.32110992816,3868,3584,621,1365,1585,366,-284,7452,745.2,0.35289555325749744,0.09462254395036195,0.40977249224405377
4144,GDA316,Mariana Kołodzieja 45,54.3336839,18.5854871,10,1,0,Plaza Brzezno - Molo,9238.561672601749,3269,2824,632,961,1394,321,-445,6093,609.3,0.29397369226063014,0.09819516671765066,0.42643010094830225
4145,GDA317,Piotrowska 6-13,54.3302019,18.585039600000002,10,0,0,Plaza Brzezno - Molo,9619.28389294457,4989,4581,726,1446,2193,691,-408,9570,957,0.2898376428141912,0.13850471036279816,0.4395670475045099
4146,GDA318,Piotrowska 44,54.3286543,18.5821486,10,1,2,Plaza Brzezno - Molo,9835.82357938205,5207,4929,982,1474,2167,677,-278,10136,1013.6,0.2830804685999616,0.13001728442481275,0.4161705396581525
4147,GDA319,Jeleniogórska 19,54.3256624,18.5839051,10,1,0,Plaza Brzezno - Molo,10125.694307317246,4067,3760,579,1458,1564,513,-307,7827,782.7,0.35849520531104007,0.12613720186869928,0.3845586427342021
4148,GDA320,Płocka 11C,54.3258664,18.5924054,10,1,0,Plaza Brzezno - Molo,9974.874637024668,2376,1922,480,803,855,278,-454,4298,429.8,0.33796296296296297,0.117003367003367,0.35984848484848486
4149,GDA321,Płocka 5C,54.3273692,18.5959098,10,1,0,Plaza Brzezno - Molo,9765.991973894152,2687,2086,395,818,1085,409,-601,4773,477.3,0.30442873092668404,0.15221436546334202,0.40379605508001487
4150,GDA322,Przemyska 57,54.3298986,18.5936355,10,0,0,Plaza Brzezno - Molo,9519.739122235038,3812,3463,662,1090,1507,608,-349,7275,727.5,0.28593913955928646,0.15949632738719832,0.3953305351521511
4151,GDA323,Małomiejska 31B,54.3288103,18.6167259,10,0,0,Plaza Stogi,8933.857915355517,2524,2424,531,792,1023,241,-100,4948,494.8,0.31378763866877973,0.09548335974643424,0.40530903328050716
4152,GDA324,Małomiejska 31B,54.3272553,18.6109115,10,0,1,Plaza Stogi,9336.9673022244,7647,7531,1400,2048,3154,1163,-116,15178,1517.8,0.267817444749575,0.15208578527527133,0.41244932653328104
4153,GDA325,Świętokrzyska 15,54.3227199,18.604989,10,0,3,Plaza Stogi,9951.298312340115,11322,10909,853,3313,5377,1930,-413,22231,2223.1,0.292616145557322,0.17046458222928812,0.47491609256315137
4154,GDA326,Generała Leopolda Okulickiego 7,54.3242642,18.6102023,10,0,0,Plaza Stogi,9580.666976550836,2572,2438,640,643,1013,300,-134,5010,501,0.25,0.1166407465007776,0.3938569206842924
4155,GDA327,Zygmunta 11,54.322957100000004,18.6150601,10,0,0,Plaza Stogi,9434.423753777792,2064,1884,412,666,824,200,-180,3948,394.8,0.3226744186046512,0.09689922480620156,0.3992248062015504
4156,GDA328,Platynowa 12B,54.3247296,18.61819,10,1,2,Plaza Stogi,9151.880284291165,4444,4424,773,1304,1885,556,-20,8868,886.8,0.2934293429342934,0.1251125112511251,0.4241674167416742
4157,GDA329,Krzemowa 12B,54.3266183,18.621241,10,1,1,Plaza Stogi,8864.748176871424,2612,2521,585,866,960,242,-91,5133,513.3,0.3315467075038285,0.09264931087289434,0.3675344563552833
4158,GDA330,Małomiejska 45A,54.3301742,18.6270356,10,2,2,Plaza Stogi,8321.960714576742,5052,4945,1071,1312,2227,573,-107,9997,999.7,0.2596991290577989,0.11342042755344418,0.4408155186064925
4159,GDA331,Sandomierska 1,54.3322056,18.6347569,10,0,2,Plaza Stogi,7796.402657387443,5785,5639,556,1637,2802,861,-146,11424,1142.4,0.28297320656871217,0.14883318928262748,0.4843560933448574
4160,GDA332,Gościnna 10,54.3226394,18.6322741,10,5,3,Plaza Stogi,8652.003849542672,9340,9691,974,2481,4969,1065,351,19031,1903.1,0.2656316916488223,0.11402569593147752,0.5320128479657388
4161,GDA333,Świętokrzyska 134-40,54.3214026,18.5990614,10,0,0,Plaza Stogi,10343.243378542304,2936,2736,364,784,1325,495,-200,5672,567.2,0.2670299727520436,0.1685967302452316,0.45129427792915533
4162,GDA334,Kazimierza Porębskiego 48E,54.3201889,18.5764172,10,0,1,Plaza Brzezno - Molo,10843.788310671947,5496,5506,1083,1617,2214,635,10,11002,1100.2,0.2942139737991266,0.11553857350800582,0.4028384279475983
4163,GDA335,Konstantego Bergiela 6,54.3174996,18.5825562,10,0,0,Plaza Brzezno - Molo,11026.066273364571,4569,4494,457,1479,1875,808,-75,9063,906.3,0.3237032173342088,0.17684394834755965,0.4103742613263296
4164,GDA336,Wielkopolska 20,54.3161691,18.5900833,10,1,1,Plaza Brzezno - Molo,11061.18829454986,3820,3706,796,1254,1406,431,-114,7526,752.6,0.32827225130890053,0.11282722513089005,0.3680628272251309
4165,GDA337,"Kampinoska 01, 80-180 Gdańsk",54.3162819,18.6037298,10,0,1,Plaza Stogi,10476.567095457223,6934,6968,2024,1616,2591,811,34,13902,1390.2,0.2330545139890395,0.11695990770118257,0.3736659936544563
4166,GDA338,Srebrna 46,54.312901599999996,18.5974477,10,1,0,Plaza Stogi,11030.848101019572,6349,6500,1623,1794,2370,634,151,12849,1284.9,0.2825641833359584,0.09985824539297528,0.3732871318317845
4167,GDA339,Łucznicza 2,54.3089717,18.587561,10,1,1,Plaza Stogi,11800.786239067793,5630,5181,1342,1639,2132,605,-449,10811,1081.1,0.2911190053285968,0.10746003552397869,0.37868561278863233
4168,GDA340,Piłkarska 4-7,54.305126,18.5822173,10,0,2,Plaza Stogi,12343.717244299163,4803,4337,935,1366,1972,590,-466,9140,914,0.2844055798459296,0.12283989173433271,0.41057672288153235
4169,GDA341,Kielnieńska 107,54.4323127,18.4713863,10,1,1,Plaza Sopot,6618.298565697887,34,4,3,16,24,11,-30,38,3.8,0.47058823529411764,0.3235294117647059,0.7058823529411765
4170,GDA342,Wacława Balcerskiego 15,54.42993,18.46969,10,1,0,Plaza Sopot,6797.534224851228,1837,1763,116,434,858,457,-74,3600,360,0.236254763200871,0.2487751769188895,0.46706586826347307
4172,GDA344,Jednorożca 70,54.4246049,18.4778144,10,0,1,Plaza Sopot,6509.813555029687,1682,1459,183,549,757,252,-223,3141,314.1,0.326397146254459,0.14982164090368608,0.45005945303210465
4173,GDA345,"Plac św. Jana Apostoła, 80-299 Gdańsk",54.4207702,18.4787004,10,4,2,Plaza Sopot,6640.108552885777,2727,2449,332,1019,1028,408,-278,5176,517.6,0.3736707004033737,0.1496149614961496,0.376971030436377
4174,GDA346,Koziorożca 10-2,54.4254609,18.4728457,10,1,1,Plaza Sopot,6770.08473027521,1019,863,84,289,483,175,-156,1882,188.2,0.28361138370951916,0.1717369970559372,0.47399411187438667
4175,GDA347,Pegaza 32,54.4243624,18.4640752,10,1,0,Plaza Sopot,7343.075248147643,768,666,55,211,373,157,-102,1434,143.4,0.2747395833333333,0.20442708333333334,0.4856770833333333
4176,GDA348,Barniewicka 60A,54.4213192,18.4522328,10,0,3,Plaza Sopot,8179.638969630297,2619,2217,195,798,1426,266,-402,4836,483.6,0.30469644902634596,0.10156548300878197,0.5444826269568538
4177,GDA349,Juliusza Słowackiego 224,54.38249969482422,18.46716690063477,10,0,11,Plaza Jelitkowo,9761.40017912246,1144,1028,98,317,523,224,-116,2172,217.2,0.2770979020979021,0.1958041958041958,0.4571678321678322
4178,GDA350,Juliusza Słowackiego 175,54.3802885,18.4831988,10,0,2,Plaza Jelitkowo,9012.70139017045,1009,775,44,200,686,102,-234,1784,178.4,0.19821605550049554,0.10109018830525272,0.6798810703666998
4179,GDA351,Kadetów 2A,54.3767944,18.507692,10,0,2,Plaza Jelitkowo,8017.722735194408,1561,1099,159,517,677,240,-462,2660,266,0.33119795003203073,0.15374759769378604,0.4336963484945548
4180,GDA352,Jesienna 23,54.3739674,18.5062144,10,0,4,Plaza Jelitkowo,8304.255816301598,1364,979,92,424,753,117,-385,2343,234.3,0.31085043988269795,0.08577712609970674,0.5520527859237536
4181,GDA353,Złota Karczma 25A,54.3756887,18.5217257,10,0,1,Plaza Jelitkowo,7473.071311707569,4181,3561,273,1198,2185,567,-620,7742,774.2,0.286534321932552,0.13561348959579048,0.5226022482659651
4182,GDA354,Majora Mieczysława Słabego 6,54.3718769,18.524396,10,1,0,Plaza Jelitkowo,7687.858224618422,1483,1226,244,463,624,165,-257,2709,270.9,0.3122049898853675,0.1112609575185435,0.4207687120701281
4183,GDA355,Osiedlowa 4A,54.3557667,18.4927959,10,1,1,Plaza Jelitkowo,10374.351308121486,1786,1567,229,371,898,300,-219,3353,335.3,0.20772676371780516,0.167973124300112,0.5027995520716685
4184,GDA356,Jaśminowy Stok 5A,54.3558748,18.5107226,10,0,0,Plaza Jelitkowo,9641.910900924451,1681,1628,357,561,606,183,-53,3309,330.9,0.33372992266508034,0.10886377156454491,0.3604997025580012
4185,GDA357,Jaśminowy Stok 16,54.3529624,18.5088058,10,0,0,Plaza Jelitkowo,9977.517351049868,1041,948,103,336,474,154,-93,1989,198.9,0.3227665706051873,0.14793467819404418,0.4553314121037464
4186,GDA358,Kminkowa 2/1,54.3527039,18.5133067,10,5,0,Plaza Jelitkowo,9835.46265221415,1625,1527,111,476,860,212,-98,3152,315.2,0.2929230769230769,0.13046153846153846,0.5292307692307693
4187,GDA359,Kartuska 379,54.350429,18.5094064,10,0,1,Plaza Jelitkowo,10186.600685823689,785,655,45,220,418,121,-130,1440,144,0.2802547770700637,0.15414012738853503,0.532484076433121
4188,GDA360,Goplańska 45,54.3388809,18.5077755,10,0,1,Plaza Brzezno - Molo,11231.217457341443,1140,899,108,372,545,123,-241,2039,203.9,0.3263157894736842,0.10789473684210527,0.4780701754385965
4189,GDA361,Szczęśliwa 52,54.3553576,18.5283322,10,0,2,Plaza Brzezno - Molo,8982.544262488764,3001,2760,108,873,1728,358,-241,5761,576.1,0.29090303232255915,0.11929356881039653,0.5758080639786738
4190,GDA362,Serdeczna 1C,54.3510618,18.5299705,10,1,0,Plaza Brzezno - Molo,9262.674206126,3093,2779,273,744,1484,632,-314,5872,587.2,0.2405431619786615,0.20433236340122857,0.4797930811509861
4191,GDA363,Przytulna 13A,54.3512121,18.5331762,10,1,0,Plaza Brzezno - Molo,9114.16485110558,3620,3110,637,1027,1471,547,-510,6730,673,0.2837016574585635,0.15110497237569062,0.406353591160221
4192,GDY001,Dedala 10,54.5834079,18.5387413,10,0,0,Plaza Gdynia Babie Doly,287.81612309364084,995,851,28,257,556,162,-144,1846,184.6,0.25829145728643216,0.1628140703517588,0.5587939698492462
4193,GDY002,Zielona 36,54.5779514,18.5387535,10,2,2,Plaza Gdynia Babie Doly,795.6315549574425,1423,1386,73,373,775,217,-37,2809,280.9,0.26212227687983136,0.15249472944483486,0.5446240337315531
4194,GDY003,Osada Rybacka 12,54.55915,18.5487714,10,0,0,Plaza Gdynia Babie Doly,2875.7991477971536,1399,1290,237,217,734,241,-109,2689,268.9,0.15511079342387418,0.17226590421729807,0.5246604717655469
4195,GDY004,Pułkownika Stanisława Dąbka N/A,54.5535626,18.5298748,10,1,3,Plaza Gdynia Babie Doly,3563.9176326474,2212,1950,132,544,1166,391,-262,4162,416.2,0.24593128390596744,0.1767631103074141,0.527124773960217
4196,GDY005,Zielona 19-1,54.5492145,18.5304951,10,0,3,Plaza Gdynia Srodmiescie,3951.238706959659,2190,1803,285,502,1133,313,-387,3993,399.3,0.22922374429223744,0.14292237442922373,0.517351598173516
4197,GDY006,Podchorążych 9,54.550743,18.5371113,10,3,0,Plaza Gdynia Babie Doly,3798.731649573492,2483,2284,308,529,1222,454,-199,4767,476.7,0.2130487313733387,0.18284333467579542,0.49214659685863876
4198,GDY007,Arendta Dickmana 4,54.549095,18.5478527,10,1,1,Plaza Gdynia Srodmiescie,3720.277903174546,2157,1995,249,593,1066,273,-162,4152,415.2,0.27491886879925825,0.12656467315716272,0.49420491423273066
4199,GDY008,Inżyniera Jana Śmidowicza 67,54.5428221,18.5435259,10,3,1,Plaza Gdynia Srodmiescie,3053.8485654436995,2275,1972,49,708,1473,128,-303,4247,424.7,0.3112087912087912,0.056263736263736264,0.6474725274725275
4200,GDY009,Inżyniera Jana Śmidowicza 45,54.542776,18.534011,10,1,1,Plaza Gdynia Srodmiescie,3200.6837201666845,2066,1569,66,310,1623,100,-497,3635,363.5,0.15004840271055178,0.0484027105517909,0.7855759922555663
4201,GDY010,Konstantego Maciejewicza 11,54.562608,18.5070371,10,1,2,Plaza Gdynia Babie Doly,3362.545403029643,604,391,48,161,310,115,-213,995,99.5,0.26655629139072845,0.19039735099337748,0.5132450331125827
4202,GDY011,Eugeniusza Kwiatkowskiego N/A,54.5594445,18.5105288,10,1,1,Plaza Gdynia Babie Doly,3490.567590233241,2979,2840,402,797,1361,458,-139,5819,581.9,0.26753944276602887,0.1537428667338033,0.45686471970459885
4203,GDY012,Pułkownika Stanisława Dąbka 203,54.5561285,18.520427,10,4,1,Plaza Gdynia Babie Doly,3488.468000693702,1481,1282,169,415,758,159,-199,2763,276.3,0.2802160702228224,0.10735989196488858,0.511816340310601
4204,GDY013,Rębaczy 13,54.5528988,18.5099111,10,3,0,Plaza Gdynia Babie Doly,4120.461286191506,628,442,43,138,315,136,-186,1070,107,0.2197452229299363,0.21656050955414013,0.5015923566878981
4205,GDY014,Cechowa 22,54.5526183,18.5150573,10,1,1,Plaza Gdynia Babie Doly,3989.27442929331,1454,1183,210,358,724,181,-271,2637,263.7,0.24621733149931224,0.12448418156808803,0.49793672627235214
4206,GDY015,Pułkownika Stanisława Dąbka,54.56276067329891,18.486815784221804,10,2,2,Plaza Gdynia Babie Doly,4346.1225413125985,75,0,6,24,33,12,-75,75,7.5,0.32,0.16,0.44
4207,GDY016,Benisławskiego 13-2,54.5486767,18.5220355,10,1,1,Plaza Gdynia Srodmiescie,4110.283304988026,4822,4382,679,1237,2254,701,-440,9204,920.4,0.25653255910410616,0.14537536291995024,0.46744089589382
4208,GDY017,Komandora Bolesława Romanowskiego 52,54.562854,18.4971197,10,0,1,Plaza Gdynia Babie Doly,3808.88329819925,1070,875,104,328,447,210,-195,1945,194.5,0.30654205607476637,0.19626168224299065,0.4177570093457944
4209,GDY018,Generała Dywizji Franciszka Kleeberga 2D,54.5610107,18.4934758,10,3,0,Plaza Gdynia Babie Doly,4120.583267613899,1007,822,89,313,451,181,-185,1829,182.9,0.31082423038728896,0.17974180734856007,0.44786494538232374
4210,GDY019,Żelazna 11A,54.559016,18.4845417,10,0,0,Plaza Gdynia Babie Doly,4709.052219606104,1517,1440,327,562,536,110,-77,2957,295.7,0.3704680290046144,0.07251153592617007,0.35332893869479237
4211,GDY020,Komandora Zygmunta Horyda 14,54.5629346,18.4810403,10,1,4,Plaza Gdynia Babie Doly,4648.395500121849,1538,1221,161,329,656,426,-317,2759,275.9,0.21391417425227569,0.27698309492847856,0.4265279583875163
4212,GDY021,Złota 24,54.5592001,18.4717998,10,0,2,Plaza Gdynia Babie Doly,5373.5226298878715,1406,1398,250,358,567,243,-8,2804,280.4,0.2546230440967283,0.1728307254623044,0.40327169274537694
4213,GDY022,Admirała Józefa Unruga 67,54.5546592,18.4926239,10,0,1,Plaza Gdynia Babie Doly,4643.292137526376,2289,2254,286,843,870,327,-35,4543,454.3,0.36828309305373524,0.14285714285714285,0.3800786369593709
4214,GDY023,Admirała Józefa Unruga 41,54.552307,18.5033296,10,3,2,Plaza Gdynia Babie Doly,4406.15009454974,2382,2535,367,663,1070,307,153,4917,491.7,0.2783375314861461,0.1288832913518052,0.44920235096557515
4215,GDY024,Admirała Józefa Unruga 35,54.5508979,18.5062887,10,0,2,Plaza Gdynia Babie Doly,4431.881089780345,6107,6748,509,1312,3108,1220,641,12855,1285.5,0.21483543474701164,0.19977075487145898,0.5089241853610611
4216,GDY025,Janka Wiśniewskiego N/A,54.54631,18.5015189,10,0,1,Plaza Gdynia Srodmiescie,4657.2862397886,1322,1236,102,254,813,157,-86,2558,255.8,0.19213313161875945,0.11875945537065052,0.6149773071104387
4217,GDY026,Kontenerowa 25,54.5504601,18.4862884,10,0,1,Plaza Gdynia Babie Doly,5263.1331850548995,1007,958,106,76,653,190,-49,1965,196.5,0.07547169811320754,0.18867924528301888,0.6484607745779544
4218,GDY027,Karola Kurpińskiego 1,54.5475393,18.4357994,10,0,1,Plaza Gdynia Babie Doly,8030.515965712106,1707,1648,423,533,611,193,-59,3355,335.5,0.31224370240187466,0.11306385471587581,0.3579379027533685
4219,GDY028,Morska 230/H,54.5465134,18.4416546,10,2,2,Plaza Gdynia Babie Doly,7771.401441778078,3117,3148,217,862,1387,720,31,6265,626.5,0.27654796278472893,0.23099133782483156,0.4449791466153353
4220,GDY029,Janowska N/A,54.5492969,18.4451302,10,1,3,Plaza Gdynia Babie Doly,7415.562840531899,2379,2129,310,501,1212,420,-250,4508,450.8,0.21059268600252207,0.17654476670870115,0.5094577553593947
4221,GDY030,Zbożowa 25,54.5459378,18.4490398,10,0,0,Plaza Gdynia Srodmiescie,7374.798880680937,1443,1371,144,329,819,220,-72,2814,281.4,0.227997227997228,0.15246015246015246,0.5675675675675675
4222,GDY031,Kcyńska 7A,54.5439688,18.4531051,10,1,0,Plaza Gdynia Srodmiescie,7042.0349989490705,2792,2715,252,770,1391,453,-77,5507,550.7,0.27578796561604585,0.16224928366762179,0.49820916905444124
4223,GDY032,Kartuska 61,54.5375862,18.4583884,10,1,1,Plaza Gdynia Srodmiescie,6438.568750591916,2197,2029,296,695,832,411,-168,4226,422.6,0.31634046426945833,0.18707328174783797,0.378698224852071
4224,GDY033,Chabrowa 55,54.5374147,18.4395433,10,0,1,Plaza Gdynia Srodmiescie,7572.125248091928,1060,1119,154,421,381,119,59,2179,217.9,0.39716981132075474,0.11226415094339623,0.3594339622641509
4225,GDY034,Czeremchowa 1,54.5341492,18.4456349,10,2,1,Plaza Gdynia Srodmiescie,7087.33913743203,2525,2602,158,803,1147,480,77,5127,512.7,0.318019801980198,0.1900990099009901,0.4542574257425743
4226,GDY035,Skarbka 70E,54.528225,18.4574921,10,0,1,Plaza Gdynia Srodmiescie,6178.0818390093345,2089,2070,223,595,848,459,-19,4159,415.9,0.2848252752513164,0.21972235519387268,0.40593585447582575
4227,GDY036,Hutnicza 34,54.549924,18.458361,10,0,0,Plaza Gdynia Babie Doly,6667.791030292044,1461,1398,178,238,722,328,-63,2859,285.9,0.16290212183436004,0.2245037645448323,0.4941820670773443
4228,GDY037,Hutnicza 20G,54.5472201,18.4727852,10,0,1,Plaza Gdynia Srodmiescie,6132.270210060845,1338,1088,16,118,1196,33,-250,2426,242.6,0.08819133034379671,0.02466367713004484,0.8938714499252616
4229,GDY038,Palmowa,54.546401,18.4628722,10,0,5,Plaza Gdynia Srodmiescie,6619.5793781824295,2716,2509,524,625,1194,464,-207,5225,522.5,0.23011782032400588,0.17083946980854198,0.43961708394698085
4230,GDY039,Plac Dworcowy 1-43A,54.5450561,18.4629557,10,4,3,Plaza Gdynia Srodmiescie,6539.0734280700135,5490,5166,574,1149,2644,1215,-324,10656,1065.6,0.20928961748633879,0.22131147540983606,0.48160291438979963
4231,GDY040,Wejherowska 59,54.543017999999996,18.465755,10,3,0,Plaza Gdynia Srodmiescie,6270.413729452041,2004,1837,270,504,853,396,-167,3841,384.1,0.25149700598802394,0.19760479041916168,0.42564870259481036
4232,GDY041,Morska 305,54.5417339,18.4608305,10,1,2,Plaza Gdynia Srodmiescie,6485.191068947279,3621,3309,354,980,1631,730,-312,6930,693,0.27064346865506766,0.2016017674675504,0.4504280585473626
4233,GDY042,Morska 269,54.538813,18.4710298,10,0,1,Plaza Gdynia Srodmiescie,5751.465537726084,3485,3314,376,1137,1414,624,-171,6799,679.9,0.3262553802008608,0.17905308464849354,0.40573888091822097
4234,GDY043,Chylońska 50A,54.5411823,18.477945,10,1,3,Plaza Gdynia Srodmiescie,5487.350064685763,2565,2539,182,794,1256,401,-26,5104,510.4,0.30955165692007797,0.15633528265107213,0.4896686159844055
4235,GDY044,Chylońska 5,54.5362785,18.4786331,10,0,1,Plaza Gdynia Srodmiescie,5186.831625919834,3618,3491,352,1128,1634,586,-127,7109,710.9,0.3117744610281924,0.16196793808734108,0.45163073521282476
4236,GDY045,Hutnicza 1A,54.5381012,18.4940558,10,0,2,Plaza Gdynia Srodmiescie,4427.142261493089,1089,727,60,245,633,164,-362,1816,181.6,0.22497704315886133,0.15059687786960516,0.581267217630854
4237,GDY046,Osada Kolejowa 1B,54.5346529,18.4946268,10,1,4,Plaza Gdynia Srodmiescie,4191.370540280425,2374,2097,322,642,1035,434,-277,4471,447.1,0.2704296545914069,0.18281381634372368,0.43597304128053915
4238,GDY047,Morska 158,54.5330561,18.4881963,10,0,2,Plaza Gdynia Srodmiescie,4475.329378650757,4070,3761,670,1046,1780,652,-309,7831,783.1,0.257002457002457,0.1601965601965602,0.43734643734643736
4239,GDY048,Działdowska 25,54.5315759,18.4827056,10,2,1,Plaza Gdynia Srodmiescie,4733.558626666052,1574,1268,207,679,538,196,-306,2842,284.2,0.4313850063532402,0.12452350698856417,0.3418043202033037
4240,GDY049,Sambora 50,54.5268761,18.4905356,10,2,1,Plaza Gdynia Srodmiescie,4080.639107686243,2286,2233,206,889,1011,262,-53,4519,451.9,0.3888888888888889,0.11461067366579178,0.442257217847769
4241,GDY050,Morska 127,54.530505643207114,18.498075709841963,10,0,1,Plaza Gdynia Srodmiescie,3777.9697419016898,4620,4440,625,1399,1954,730,-180,9060,906,0.3028138528138528,0.15800865800865802,0.42294372294372296
4242,GDY051,Czechosłowacka 3,54.5327082,18.5170832,10,0,2,Plaza Gdynia Srodmiescie,2881.913444712261,3136,3047,131,372,2535,152,-89,6183,618.3,0.11862244897959184,0.04846938775510204,0.8083545918367347
4243,GDY052,Janka Wiśniewskiego N/A,54.5264316,18.5191114,10,0,3,Plaza Gdynia Srodmiescie,2366.134488255362,2610,2444,983,568,896,263,-166,5054,505.4,0.21762452107279692,0.10076628352490422,0.3432950191570881
4244,GDY053,Morska 113A,54.528958,18.5038443,10,3,3,Plaza Gdynia Srodmiescie,3367.9744925419295,6267,6252,778,1766,2944,909,-15,12519,1251.9,0.28179352162119037,0.1450454763044519,0.4697622466890059
4245,GDY054,Morska 81,54.5263683,18.5126695,10,1,0,Plaza Gdynia Srodmiescie,2729.924322138928,3302,3072,170,1058,1703,496,-230,6374,637.4,0.32041187159297396,0.15021199273167776,0.515748031496063
4246,GDY055,Maurycego Beniowskiego 20,54.5236117,18.5130319,10,1,2,Plaza Gdynia Srodmiescie,2589.1771826679997,3022,2928,516,885,1240,420,-94,5950,595,0.2928524156187955,0.13898080741230973,0.41032428855062875
4247,GDY056,Morska 73,54.5243766,18.517867,10,0,2,Plaza Gdynia Srodmiescie,2332.185422222877,4463,4206,451,1323,2082,701,-257,8669,866.9,0.29643737396370157,0.1570692359399507,0.4665023526775711
4248,GDY057,Morska 4A,54.5202928,18.5292777,10,1,2,Plaza Gdynia Srodmiescie,1477.753996646419,1467,1089,164,486,620,292,-378,2556,255.6,0.3312883435582822,0.19904567143830948,0.4226312201772324
4249,GDY058,Wolności 9-5,54.5195958,18.5274565,10,2,3,Plaza Gdynia Srodmiescie,1565.2225331945758,5972,5766,724,1776,2548,1058,-206,11738,1173.8,0.2973878097789685,0.1771600803750837,0.42665773610180846
4250,GDY059,Wolności 37A,54.5189122,18.5197656,10,1,1,Plaza Gdynia Srodmiescie,2031.8923368889168,3560,3720,393,1335,1560,326,160,7280,728,0.375,0.09157303370786517,0.43820224719101125
4251,GDY060,Tatrzańska 14,54.5160357,18.5251888,10,3,1,Plaza Gdynia Srodmiescie,1650.3514452206657,1072,989,95,417,439,153,-83,2061,206.1,0.38899253731343286,0.14272388059701493,0.40951492537313433
4252,GDY061,Nowogrodzka 16-12,54.5147642,18.5311537,10,1,1,Plaza Gdynia Srodmiescie,1268.9781932792885,4636,4459,463,1641,2010,654,-177,9095,909.5,0.35396893874029334,0.14106988783433994,0.43356341673856774
4253,GDY062,Witomińska 8,54.5119852,18.5323498,10,1,1,Plaza Gdynia Srodmiescie,1256.7711441032686,5564,5194,614,1915,2463,700,-370,10758,1075.8,0.344176851186197,0.12580877066858376,0.44266714593817397
4254,GDY063,Witomińska 76,54.5097736,18.5194745,10,0,1,Plaza Gdynia Srodmiescie,2123.0085289976982,487,365,31,157,257,48,-122,852,85.2,0.32238193018480493,0.09856262833675565,0.5277207392197125
4255,GDY064,Polska N/A,54.532701,18.5467272,10,0,4,Plaza Gdynia Srodmiescie,1910.370002341796,1765,1815,48,328,1202,228,50,3580,358,0.1858356940509915,0.12917847025495752,0.6810198300283287
4256,GDY065,Polska 13,54.529469,18.537264,10,1,2,Plaza Gdynia Srodmiescie,1763.0585041199806,1469,1313,23,264,1164,54,-156,2782,278.2,0.179714091218516,0.03675970047651463,0.7923757658270932
4257,GDY066,Bernarda Chrzanowskiego 21,54.528056,18.543112,10,0,1,Plaza Gdynia Srodmiescie,1461.7679291820164,2761,2746,120,992,1493,264,-15,5507,550.7,0.3592901122781601,0.09561752988047809,0.5407461064831582
4258,GDY067,Portowa N/A,54.5248354,18.5428157,10,2,1,Plaza Gdynia Srodmiescie,1139.5668139397478,4643,4633,338,1522,2091,776,-10,9276,927.6,0.3278052982985139,0.16713331897480077,0.4503553736808098
4259,GDY068,Plac Kaszubski 3-10,54.5223115,18.5430401,10,3,1,Plaza Gdynia Srodmiescie,889.5812172275118,8629,8607,551,2352,4578,1278,-22,17236,1723.6,0.2725692432495075,0.1481052265615946,0.5305365627535056
4260,GDY069,Władysława IV 2,54.523138,18.538592,10,2,1,Plaza Gdynia Srodmiescie,1141.6890440342063,2112,2087,231,559,1007,330,-25,4199,419.9,0.2646780303030303,0.15625,0.47679924242424243
4261,GDY070,Wójta Radtkego 29,54.5221026,18.5349553,10,2,1,Plaza Gdynia Srodmiescie,1244.6787806195462,4427,4241,602,1600,1726,614,-186,8668,866.8,0.3614185678789248,0.13869437542353738,0.38988028009939013
4262,GDY071,Dworcowa 11A,54.5201882,18.5322656,10,0,3,Plaza Gdynia Srodmiescie,1294.0736744992432,17187,17418,2718,4691,6793,3362,231,34605,3460.5,0.27293884913015654,0.1956129632862047,0.3952405888171292
4263,GDY072,3 Maja 22-26,54.519455,18.535668,10,0,2,Plaza Gdynia Srodmiescie,1060.0912170134047,3972,3822,378,1416,1660,580,-150,7794,779.4,0.3564954682779456,0.14602215508559918,0.41792547834843907
4264,GDY073,Władysława IV 30,54.5198483,18.5389278,10,6,1,Plaza Gdynia Srodmiescie,892.7819979022127,11047,11077,729,3212,5366,1926,30,22124,2212.4,0.29075767176609035,0.1743459762831538,0.4857427355843215
4265,GDY074,Świętojańska 22,54.519076,18.5422845,10,9,2,Plaza Gdynia Srodmiescie,664.1860226800519,11289,11448,602,2888,5401,2581,159,22737,2273.7,0.25582425369829037,0.22862963947205245,0.4784303304101338
4266,GDY075,Jerzego Waszyngtona 46/48,54.519572,18.5466471,10,1,2,Plaza Gdynia Srodmiescie,507.36320494381147,6853,6904,169,1740,3857,1199,51,13757,1375.7,0.2539033999708157,0.17495987158908508,0.5628192032686414
4267,GDY076,Aleja Jana Pawła II 1,54.5186946,18.5583085,10,0,0,Plaza Gdynia Srodmiescie,591.9191947085177,2895,2768,29,727,1754,435,-127,5663,566.3,0.25112262521588946,0.15025906735751296,0.6058721934369603
4268,GDY077,Bulwar Nadmorski 1/40,54.5163446,18.5483987,10,4,1,Plaza Gdynia Srodmiescie,168.80284615629324,14193,14340,244,3157,7889,2984,147,28533,2853.3,0.2224335940252237,0.21024448671880505,0.5558373846262242
4269,GDY078,Plac Grunwaldzki 1,54.5166317,18.5434606,10,5,0,Plaza Gdynia Srodmiescie,482.25349524853465,6345,6604,432,1508,2960,1521,259,12949,1294.9,0.2376674546887313,0.2397163120567376,0.4665090622537431
4270,GDY079,Władysława IV 44,54.51637300378596,18.538092874670905,10,1,1,Plaza Gdynia Srodmiescie,820.5916687872934,7854,7558,569,2339,3866,1220,-296,15412,1541.2,0.2978100331041508,0.15533486121721415,0.4922332569391393
4271,GDY080,Żwirki i Wigury 6,54.5149468,18.5402615,10,9,2,Plaza Gdynia Srodmiescie,681.8928319688144,8891,8778,580,2661,4248,1547,-113,17669,1766.9,0.2992914182881566,0.1739961759082218,0.47778652570014624
4272,GDY081,Henryka Siemiradzkiego 2,54.5134244,18.5440008,10,0,0,Plaza Gdynia Srodmiescie,502.68903240187296,726,640,24,224,397,91,-86,1366,136.6,0.3085399449035813,0.12534435261707988,0.546831955922865
4273,GDY082,Władysława IV 54,54.5125548,18.5375127,10,5,1,Plaza Gdynia Srodmiescie,922.4159735804852,5178,5041,305,1637,2501,812,-137,10219,1021.9,0.3161452298184627,0.15681730397837002,0.48300502124372346
4274,GDY083,Kielecka - droga Gdynska N/A,54.5077745,18.5341314,10,0,6,Plaza Gdynia Srodmiescie,1386.931330702556,15775,15074,373,3741,8820,3109,-701,30849,3084.9,0.2371473851030111,0.19708399366085577,0.5591125198098257
4275,GDY084,Władysława IV 70,54.5081265,18.5364068,10,2,7,Plaza Gdynia Srodmiescie,1250.087682218141,14696,14045,1243,4147,7128,2434,-651,28741,2874.1,0.28218562874251496,0.1656232988568318,0.48502994011976047
4276,GDY085,Aleja Marszałka Piłsudskiego 52,54.509144,18.5390832,10,3,1,Plaza Gdynia Srodmiescie,1046.599472898875,14565,14271,800,4428,7048,2538,-294,28836,2883.6,0.3040164778578785,0.17425334706488158,0.48389975969790594
4277,GDY086,Aleja Marszałka Piłsudskiego 32,54.5084558,18.544535,10,2,3,Plaza Gdynia Srodmiescie,897.9067906901312,5538,5219,409,1995,2536,688,-319,10757,1075.7,0.36023835319609965,0.12423257493680029,0.45792704947634527
4278,GDY087,Augustyna Necla 17,54.51004,18.545994,10,3,2,Plaza Gdynia Srodmiescie,698.2516180207818,3678,3425,450,1458,1462,373,-253,7103,710.3,0.3964110929853181,0.10141381185426862,0.39749864056552475
4279,GDY088,Ignacego Krasickiego 47,54.5080013,18.5491635,10,1,4,Plaza Gdynia Srodmiescie,859.9524651056631,4846,4715,294,1523,2262,848,-131,9561,956.1,0.31427981840693353,0.1749896822121337,0.46677672307057366
4280,GDY089,Bulwar Feliksa Nowowiejskiego N/A,54.5083745,18.5537012,10,0,0,Plaza Gdynia Srodmiescie,834.3740937214121,8346,8049,356,2243,4157,1634,-297,16395,1639.5,0.26875149772346035,0.19578241073568176,0.49808291397076443
4281,GDY090,Juliana Ejsmonda 2,54.5027093,18.5585469,10,0,0,Plaza Gdynia Redlowo,292.3876496867589,5642,5475,166,1437,3033,1054,-167,11117,1111.7,0.2546969159872386,0.18681318681318682,0.5375753278979085
4282,GDY091,Stanisława Moniuszki 9,54.505636,18.548987,10,0,2,Plaza Gdynia Redlowo,941.4624361264327,5437,5352,663,2179,1919,801,-85,10789,1078.9,0.40077248482619093,0.14732389185212433,0.352951995585801
4283,GDY092,Mikołaja Reja 13-5,54.505857,18.541474,10,1,0,Plaza Gdynia Srodmiescie,1245.6388264516486,3320,3214,656,906,1315,492,-106,6534,653.4,0.2728915662650602,0.14819277108433734,0.3960843373493976
4284,GDY093,Legionów 67,54.502929,18.5422534,10,2,2,Plaza Gdynia Redlowo,1200.6462995821394,8671,8760,636,3165,3958,1133,89,17431,1743.1,0.3650098027909122,0.13066543651251297,0.45646407565448044
4285,GDY094,Harcerska 4,54.502373,18.538781,10,3,0,Plaza Gdynia Redlowo,1407.5454656372028,4078,3826,400,1481,1767,526,-252,7904,790.4,0.36316821971554686,0.12898479646885727,0.43330063756743503
4286,GDY095,Aleja Zwycięstwa 90,54.4969584,18.5378403,10,2,3,Plaza Gdynia Redlowo,1495.339229944164,7981,7608,382,2662,4095,991,-373,15589,1558.9,0.33354216263626113,0.12416990352086205,0.5130935972935722
4287,GDY096,Legionów 107A,54.497168,18.54161,10,1,0,Plaza Gdynia Redlowo,1254.2613552086646,5560,5296,715,1616,2614,722,-264,10856,1085.6,0.2906474820143885,0.12985611510791367,0.4701438848920863
4288,GDY097,Mikołaja Kopernika 67,54.4990446,18.5492728,10,1,2,Plaza Gdynia Redlowo,723.907559796243,2405,2147,128,1005,1059,295,-258,4552,455.2,0.4178794178794179,0.12266112266112267,0.44033264033264036
4289,GDY098,Bohaterów Starówki Warszawskiej 3,54.494259,18.5521859,10,4,2,Plaza Gdynia Redlowo,849.3713855057167,6233,6255,1043,2419,2293,648,22,12488,1248.8,0.3880956200866357,0.10396277875822237,0.3678806353280924
4290,GDY099,Janusza Korczaka 16,54.4947148,18.5428019,10,1,0,Plaza Gdynia Redlowo,1287.1653460467237,2377,1946,187,967,990,279,-431,4323,432.3,0.40681531342027766,0.11737484223811527,0.4164913756836348
4291,GDY100,Stryjska - Pawła Łaźniaka N/A,54.4922693,18.5387437,10,0,3,Plaza Gdynia Redlowo,1651.5523500617733,12009,11427,850,3736,5690,1957,-582,23436,2343.6,0.311100008327088,0.16296111249895912,0.4738113081855275
4292,GDY101,Sportowa 10,54.496663,18.5334955,10,1,3,Plaza Gdynia Redlowo,1775.719504994567,13064,12723,495,2795,8447,1621,-341,25787,2578.7,0.21394672382118798,0.1240814451928965,0.646586037966932
4293,GDY102,Łużycka 3B,54.4945457,18.5347201,10,0,2,Plaza Gdynia Redlowo,1769.418808235224,4980,4658,109,960,3810,219,-322,9638,963.8,0.1927710843373494,0.04397590361445783,0.7650602409638554
4294,GDY103,Sandomierska 5,54.486687,18.5287104,10,1,2,Plaza Gdynia Orlowo,2480.4132755365063,3651,3702,285,1248,1621,540,51,7353,735.3,0.3418241577649959,0.14790468364831552,0.4439879485072583
4295,GDY104,Wieluńska 86,54.4843398,18.5159563,7,0,1,Plaza Gdynia Orlowo,3228.215035894667,1359,1420,182,400,624,187,61,2779,397,0.29433406916850624,0.13760117733627666,0.45916114790286977
4296,GDY105,plac Górnośląski 1,54.4835805,18.5382178,10,0,2,Plaza Gdynia Orlowo,1797.7738475473086,6760,7003,491,2154,3459,776,243,13763,1376.3,0.31863905325443787,0.11479289940828402,0.5116863905325444
4297,GDY106,Wielkopolska 96,54.4814259,18.5313137,10,0,2,Plaza Gdynia Orlowo,2206.449691163141,2891,2778,250,993,1292,427,-113,5669,566.9,0.3434797647872708,0.14769975786924938,0.4469041854029748
4299,GDY108,Lidzka 69,54.475734,18.5164222,10,0,2,Plaza Gdynia Orlowo,3200.548730128511,3545,3366,222,1133,1751,525,-179,6911,691.1,0.31960507757404794,0.14809590973201692,0.49393511988716504
4300,GDY109,Strzelców 36-3,54.4766231,18.5035543,10,0,1,Plaza Gdynia Orlowo,4013.5416255015543,3026,2903,373,1093,1278,325,-123,5929,592.9,0.361202908129544,0.10740251156642432,0.42233972240581624
4302,GDY111,Parkowa 8D 8D,54.4699323,18.5185601,10,0,0,Plaza Kamienny Potok - Koliba,3113.5589980155723,2547,2417,351,870,1085,267,-130,4964,496.4,0.3415783274440518,0.10482921083627797,0.4259913623871221
4303,GDY112,Inżynierska 103,54.47786,18.5466549,10,1,0,Plaza Gdynia Orlowo,1235.5751310828243,3005,2864,433,714,1377,533,-141,5869,586.9,0.23760399334442595,0.1773710482529118,0.4582362728785358
4304,GDY113,Legionów 116,54.4899407,18.5450474,10,0,0,Plaza Gdynia Redlowo,1513.087863480103,3340,2950,194,1203,1558,439,-390,6290,629,0.3601796407185629,0.131437125748503,0.4664670658682635
4305,GDY114,Powstania Styczniowego 6,54.4896291,18.5550012,10,2,2,Plaza Gdynia Redlowo,1232.4128485032752,4622,4361,271,1554,2500,360,-261,8983,898.3,0.3362180874080485,0.07788836001730852,0.540891389009087
4306,GDY115,Aleja Zwycięstwa 1,54.4847171,18.5460291,10,0,1,Plaza Gdynia Orlowo,1352.4363692670995,5571,5298,301,1747,2848,759,-273,10869,1086.9,0.31358822473523607,0.1362412493268713,0.5112188117034644
4307,GDY116,Orłowska 12,54.4808078,18.5638432,10,5,1,Plaza Gdynia Orlowo,127.92073771413764,16896,16454,171,3926,10822,2042,-442,33350,3335,0.2323626893939394,0.12085700757575757,0.6405066287878788
4308,GDY117,Orłowska 86,54.4781893,18.5482586,10,2,0,Plaza Gdynia Orlowo,1126.8244990149756,4097,3822,292,1280,2032,568,-275,7919,791.9,0.31242372467659263,0.13863802782523799,0.4959726629240908
4309,GDY118,Przebendowskich 49A,54.476033,18.5507798,10,2,0,Plaza Gdynia Orlowo,1046.233535047112,7260,7161,236,1726,4021,1369,-99,14421,1442.1,0.23774104683195593,0.18856749311294765,0.5538567493112948
4310,GDY119,Światowida 52,54.4732012,18.5543096,10,0,2,Plaza Gdynia Orlowo,1048.511060525955,6011,5819,187,1507,3339,1038,-192,11830,1183,0.2507070370986525,0.17268341374147397,0.5554816170354351
4311,GDY120,Narcyzowa 1/1,54.4999571,18.5140557,10,1,1,Plaza Gdynia Srodmiescie,2944.225632063421,5238,4896,853,1697,2105,685,-342,10134,1013.4,0.32397861779305076,0.13077510500190911,0.4018709431080565
4312,GDY121,Nauczycielska 6,54.4994170166498,18.503872498330672,10,2,1,Plaza Gdynia Srodmiescie,3525.498030262913,2102,1823,414,709,796,208,-279,3925,392.5,0.3372978116079924,0.09895337773549001,0.3786869647954329
4313,GDY122,Małokacka 20,54.498070590643806,18.51002095916172,10,2,3,Plaza Gdynia Redlowo,3254.6387191149724,1057,683,162,378,467,134,-374,1740,174,0.3576158940397351,0.12677388836329234,0.44181646168401134
4314,GDY123,Wielkokacka 14-25,54.495038,18.5083263,10,1,3,Plaza Gdynia Redlowo,3405.164871177374,3591,3275,572,1071,1494,492,-316,6866,686.6,0.2982456140350877,0.13700918964076858,0.41604010025062654
4315,GDY124,2 Morskiego Pułku Strzelców 16-13,54.4916735,18.513955,10,2,0,Plaza Gdynia Redlowo,3140.900553795531,1985,1833,509,535,747,215,-152,3818,381.8,0.2695214105793451,0.10831234256926953,0.37632241813602013
4316,GDY125,Chwarznieńska 124,54.4982509,18.497247,10,0,0,Plaza Gdynia Srodmiescie,3960.70791382426,881,576,73,378,344,92,-305,1457,145.7,0.42905788876276957,0.10442678774120318,0.3904653802497162
4317,GDY126,Chwarznieńska 140A,54.5000918,18.4715139,10,0,2,Plaza Gdynia Srodmiescie,5401.072475874347,666,509,43,226,310,108,-157,1175,117.5,0.33933933933933935,0.16216216216216217,0.46546546546546547
4318,GDY127,Apollina 1,54.5006858,18.4573342,10,1,3,Plaza Gdynia Srodmiescie,6256.9908181686815,1195,946,54,396,646,128,-249,2141,214.1,0.3313807531380753,0.10711297071129706,0.5405857740585774
4319,GDY128,Władysława Kańskiego 2D,54.4994728,18.4381231,10,1,0,Plaza Gdynia Srodmiescie,7491.113275181347,1181,1001,64,393,580,151,-180,2182,218.2,0.3327688399661304,0.12785774767146485,0.4911092294665538
4320,GDY129,Jana Kamrowskiego 1C,54.4969526,18.4383309,10,1,2,Plaza Gdynia Srodmiescie,7550.7415256352415,1390,1159,83,438,693,187,-231,2549,254.9,0.31510791366906477,0.13453237410071942,0.4985611510791367
4321,GDY130,Generała Mariusza Zaruskiego 10,54.4930105,18.4342826,10,0,1,Plaza Gdynia Srodmiescie,7930.895698925064,914,794,107,277,434,108,-120,1708,170.8,0.30306345733041573,0.11816192560175055,0.474835886214442
4322,GDY131,Stanisława Filipkowskiego 2/U1,54.4865512,18.4280555,10,1,0,Plaza Gdynia Srodmiescie,8558.857902335318,1509,1289,173,379,670,302,-220,2798,279.8,0.25115970841616964,0.2001325381047051,0.4440026507620941
4323,GDY132,Miętowa 1E,54.4741991,18.4620315,10,3,0,Plaza Gdynia Orlowo,6709.8302182917405,625,474,62,186,289,102,-151,1099,109.9,0.2976,0.1632,0.4624
4324,GDY133,Nowowiczlińska 45A,54.4738167,18.4655971,10,2,2,Plaza Gdynia Orlowo,6485.07185830069,2232,2121,276,626,957,410,-111,4353,435.3,0.28046594982078854,0.18369175627240145,0.42876344086021506
4325,GDY134,Gorczycowa 14B,54.4722499,18.4622869,10,0,0,Plaza Kamienny Potok - Koliba,6668.925294906684,638,546,53,207,248,146,-92,1184,118.4,0.32445141065830724,0.22884012539184953,0.3887147335423197
4326,GDY135,Miętowa  126,54.4715668,18.4503154,10,0,2,Plaza Kamienny Potok - Koliba,7410.990848608904,977,934,83,309,469,137,-43,1911,191.1,0.3162743091095189,0.14022517911975435,0.48004094165813715
4327,GDY136,Kameliowa 2,54.4705898,18.4680196,10,0,2,Plaza Kamienny Potok - Koliba,6267.800091600599,1394,1208,136,447,577,246,-186,2602,260.2,0.3206599713055954,0.17647058823529413,0.4139167862266858
4328,GDY137,Szafranowa 16,54.4670078,18.463714,10,1,0,Plaza Kamienny Potok - Koliba,6474.338375241935,813,707,67,195,441,120,-106,1520,152,0.23985239852398524,0.14760147601476015,0.5424354243542435
4329,GDY138,Rdestowa 150D,54.46289313978714,18.45533779743416,10,0,1,Plaza Kamienny Potok - Koliba,6968.400546717952,1135,956,74,292,549,238,-179,2091,209.1,0.25726872246696036,0.20969162995594715,0.48370044052863437
4330,GDY139,Starochwaszczyńska 169,54.4557398,18.4533586,10,0,2,Plaza Kamienny Potok - Koliba,7093.381369962099,487,357,43,186,226,45,-130,844,84.4,0.38193018480492813,0.09240246406570841,0.46406570841889117
4331,GDY140,Sudecka 2,54.451115,18.456508,10,0,0,Plaza Kamienny Potok - Koliba,6936.983028578352,213,160,38,68,88,19,-53,373,37.3,0.3192488262910798,0.0892018779342723,0.4131455399061033
4332,GDY141,Kornela Makuszyńskiego 17F,54.4736732,18.4844179,10,0,1,Plaza Gdynia Orlowo,5279.923077055113,1024,798,135,348,451,105,-226,1822,182.2,0.33984375,0.1025390625,0.4404296875
4333,GDY142,Kornela Makuszyńskiego  26-2,54.4737387,18.4901497,10,3,1,Plaza Gdynia Orlowo,4912.200309112196,1894,1726,147,658,862,257,-168,3620,362,0.3474128827877508,0.13569165786694826,0.4551214361140444
4334,GDY143,Leopolda Staffa 22,54.4739233,18.4998015,10,0,0,Plaza Gdynia Orlowo,4292.698202221593,1112,960,104,438,405,169,-152,2072,207.2,0.39388489208633093,0.15197841726618705,0.3642086330935252
4335,GDY144,Strzelców 4,54.469243,18.508301,10,2,4,Plaza Kamienny Potok - Koliba,3709.254078606736,4279,3493,319,1379,1966,725,-786,7772,777.2,0.3222715587754148,0.1694321103061463,0.4594531432577705
4336,GDY145,Buraczana 26D,54.4706656,18.5022081,10,0,0,Plaza Kamienny Potok - Koliba,4132.573771468588,2261,1841,170,728,1037,368,-420,4102,410.2,0.3219814241486068,0.16275984077841663,0.45864661654135336
4337,GDY146,Poli Gojawiczyńskiej 1A,54.46944137238651,18.500176197231863,10,2,3,Plaza Kamienny Potok - Koliba,4218.264756546061,273,145,17,84,121,52,-128,418,41.8,0.3076923076923077,0.19047619047619047,0.4432234432234432
4338,GDY147,Kazimierza Kruczkowskiego 12,54.4718661,18.4960811,10,3,0,Plaza Kamienny Potok - Koliba,4550.367172912073,1110,890,133,372,492,126,-220,2000,200,0.33513513513513515,0.11351351351351352,0.44324324324324327
4339,GDY148,Chwaszczyńska 10,54.470920668597984,18.490947438884746,10,0,3,Plaza Kamienny Potok - Koliba,4836.8650243163665,443,285,21,123,198,101,-158,728,72.8,0.27765237020316025,0.22799097065462753,0.4469525959367946
4340,GDY149,Gryfa Pomorskiego 71,54.4678457,18.4876949,10,2,3,Plaza Kamienny Potok - Koliba,4961.021275171157,2657,2544,336,776,1252,342,-113,5201,520.1,0.29205871283402335,0.1287165976665412,0.47120812946932633
4341,GDY150,Źródło Marii 19M,54.4677257,18.4933237,10,1,0,Plaza Kamienny Potok - Koliba,4602.126712873013,884,682,94,285,402,115,-202,1566,156.6,0.3223981900452489,0.13009049773755657,0.45475113122171945
4342,GDY151,Lipowa 56,54.4655504,18.4825506,10,0,2,Plaza Kamienny Potok - Koliba,5246.306426388667,1515,1282,297,539,514,180,-233,2797,279.7,0.3557755775577558,0.1188118811881188,0.33927392739273926
4343,GDY152,Księdza Jana Pawła Siega 1C,54.4640409,18.4872628,10,0,0,Plaza Kamienny Potok - Koliba,4923.191079147216,582,387,70,204,264,62,-195,969,96.9,0.35051546391752575,0.10652920962199312,0.4536082474226804
4344,GDY153,Starodworcowa 34,54.4646556,18.4968232,10,2,1,Plaza Kamienny Potok - Koliba,4319.086597672014,2017,1839,192,748,830,325,-178,3856,385.6,0.3708477937530987,0.1611303916707982,0.4115022310361924
4345,SOP001,"Oskara Kolberga 11, 81-881 Sopot",54.4574017,18.5349488,10,2,2,Plaza Kamienny Potok - Koliba,1819.1757971448944,9040,9315,1195,3303,3707,1008,275,18355,1835.5,0.36537610619469024,0.11150442477876106,0.4100663716814159
4346,SOP002,"Kujawska 29/62, 81-862 Sopot",54.4584776,18.5475776,10,0,1,Plaza Kamienny Potok - Koliba,995.6524031664012,2353,2116,203,869,1031,271,-237,4469,446.9,0.36931576710582237,0.11517212069698257,0.43816404589885255
4347,SOP003,"Wejherowska 42, 81-814 Sopot",54.4572292,18.5529934,10,2,5,Plaza Kamienny Potok - Koliba,674.6640289915852,15025,14263,708,3626,7871,3110,-762,29288,2928.8,0.24133111480865224,0.2069883527454243,0.5238602329450915
4348,SOP004,"Józefa Kraszewskiego 26, 81-815 Sopot",54.4540529,18.548997,10,1,2,Plaza Kamienny Potok - Koliba,1059.3435388098055,6334,6313,1008,2092,2552,837,-21,12647,1264.7,0.33028102305020524,0.13214398484370066,0.4029049573729081
4349,SOP005,"Powstańców Warszawy 80, 81-712 Sopot",54.4538491,18.5625128,10,1,0,Plaza Kamienny Potok - Koliba,579.0037917960636,13607,12787,194,3567,7862,2087,-820,26394,2639.4,0.2621444844565297,0.15337693834056002,0.5777908429484824
4350,SOP006,"Jakuba Goyki 10A, 81-707 Sopot",54.4487654,18.5623556,10,1,0,Plaza Sopot,513.4984852587714,5345,4853,177,1562,2821,876,-492,10198,1019.8,0.29223573433115063,0.16389148737137513,0.5277829747427503
4351,SOP007,"Powstańców Warszawy 9, 81-764 Sopot",54.4458123,18.568029,10,11,1,Plaza Sopot,270.29447424295563,10130,9907,449,2195,5070,2522,-223,20037,2003.7,0.21668311944718657,0.24896347482724582,0.5004935834155972
4352,SOP008,"Plac Zdrojowy 2, 81-720 Sopot",54.4452261,18.5709993,10,3,0,Plaza Sopot,302.6970878486628,44891,46747,596,9852,24718,9917,1856,91638,9163.8,0.21946492615446303,0.22091287785970462,0.5506226192332538
4353,SOP009,"Bohaterów Monte Cassino 51, 81-767 Sopot",54.4440151,18.5661953,10,22,0,Plaza Sopot,502.6587962296388,6183,6102,349,1553,2667,1674,-81,12285,1228.5,0.25117256994986253,0.27074235807860264,0.43134400776322174
4354,SOP010,"plac Konstytucji 3 Maja 1, 81-753 Sopot",54.4429906,18.5632061,10,5,0,Plaza Sopot,707.5174966752047,7932,7555,387,1731,3715,2238,-377,15487,1548.7,0.21822995461422087,0.2821482602118003,0.46835602622289463
4355,SOP011,"Kolejowa 2, 81-835 Sopot",54.4408562,18.561557,10,4,0,Plaza Sopot,960.9864437226922,5483,5225,281,1298,2723,1313,-258,10708,1070.8,0.2367317162137516,0.2394674448294729,0.49662593470727706
4356,SOP012,"Tadeusza Kościuszki 22/24, 81-704 Sopot",54.4399963,18.5642502,10,2,1,Plaza Sopot,958.7118545372994,6419,6217,353,1933,3046,1230,-202,12636,1263.6,0.3011372487926468,0.19161863218569872,0.4745287427948279
4357,SOP013,"Marynarzy 2, 81-835 Sopot",54.4393091,18.5632453,10,1,3,Plaza Sopot,1055.092637109826,4419,4291,413,1393,1924,823,-128,8710,871,0.3152296899751075,0.18624123104774837,0.4353926227653315
4358,SOP014,"Fryderyka Chopina, 81-752 Sopot",54.4425284,18.5704254,10,3,2,Plaza Sopot,597.9963661595978,7490,7287,535,1890,3359,1787,-203,14777,1477.7,0.2523364485981308,0.23858477970627504,0.44846461949265687
4359,SOP015,"3 Maja 7/4, 81-729 Sopot",54.4384383,18.5730227,10,1,1,Plaza Sopot,1068.7140202862793,11309,10715,755,3729,5544,1447,-594,22024,2202.4,0.329737377310107,0.12795118931824212,0.4902290211336104
4360,SOP016,"Króla Jana Kazimierza 4C, 81-742 Sopot",54.43516821275696,18.56674754464484,10,3,1,Plaza Sopot,1433.237593894197,4636,4350,321,1434,2265,716,-286,8986,898.6,0.30931837791199307,0.1544434857635893,0.4885677308024159
4361,SOP017,"23 Marca 91/50, 81-820 Sopot",54.4476991,18.5408644,10,3,3,Plaza Sopot,1894.1162527000915,6566,6898,723,2705,2643,625,332,13464,1346.4,0.4119707584526348,0.09518732866280841,0.4025281754492842
4362,SOP018,"Armii Krajowej 99, 81-824 Sopot",54.441974,18.5570092,10,2,3,Plaza Sopot,1075.9512801693188,11304,10767,583,3003,5731,2180,-537,22071,2207.1,0.26565817409766457,0.19285208775654636,0.5069886765746638
4363,SOP019,"Adama Mickiewicza 46, 81-834 Sopot",54.439403,18.5469075,10,0,1,Plaza Sopot,1775.9017997864737,3965,3796,421,1431,1677,535,-169,7761,776.1,0.36090794451450187,0.13493064312736444,0.42295081967213116
4364,SOP020,"Generała Józefa Wybickiego 48, 81-842 Sopot",54.4363201,18.5518686,10,0,0,Plaza Sopot,1748.680394565573,1923,1888,233,691,868,147,-35,3811,381.1,0.359334373374935,0.07644305772230889,0.4513780551222049
4365,SOP021,"Aleja Niepodległości 702, 81-853 Sopot",54.4336343,18.5613244,10,0,2,Plaza Sopot,1686.428797993015,5001,4756,443,1414,2418,830,-245,9757,975.7,0.28274345130973805,0.16596680663867228,0.483503299340132
4366,SOP022,"Aleja Niepodległości 677 C, 81-854 Sopot",54.43075591295741,18.561175301752257,10,1,2,Plaza Sopot,1993.3177739503635,5345,5223,483,1753,2610,658,-122,10568,1056.8,0.32797006548175867,0.12310570626753976,0.4883068288119738
4367,SOP023,"Rzemieślnicza 3, 81-855 Sopot",54.4298981,18.5633059,10,1,0,Plaza Sopot,2050.628700155773,2886,2860,130,1094,1411,331,-26,5746,574.6,0.37907137907137906,0.1146916146916147,0.4889119889119889
4368,SOP024,"Karlikowo, 81-701 Sopot",54.4306453,18.5659911,10,1,0,Plaza Sopot,1937.91897289389,4340,4257,821,1535,1616,470,-83,8597,859.7,0.35368663594470046,0.10829493087557604,0.3723502304147465
4369,SOP025,"Skarpowa 10, 81-701 Sopot",54.4350527,18.5721904,10,1,0,Plaza Sopot,1435.034328417338,5644,5408,367,1947,2804,657,-236,11052,1105.2,0.34496810772501774,0.11640680368532956,0.4968107725017718
4370,SOP026,"Aleja Wojska Polskiego, 81-769 Sopot",54.4329215,18.5862395,10,2,0,Plaza Jelitkowo,1076.21728297422,17363,16576,248,4194,10021,2987,-787,33939,3393.9,0.24154811956459138,0.1720324828658642,0.5771468064274607
4371,SOP027,"Hestii 3, 81-731 Sopot",54.4308625,18.5864688,10,0,0,Plaza Jelitkowo,917.286294455952,8510,8352,148,1837,5608,1052,-158,16862,1686.2,0.21586368977673326,0.1236192714453584,0.6589894242068155
4372,SOP028,"Karlikowo, 81-701 Sopot",54.42584,18.5777089,10,0,0,Plaza Jelitkowo,1316.8168056488942,3034,2947,85,837,1308,840,-87,5981,598.1,0.27587343441001977,0.27686222808174027,0.43111404087013844
4373,PRU001,"Grunwaldzka 1, 83-000 Pruszcz Gdański",54.2700477,18.6383083,10,0,2,Plaza Stogi,13329.49680355472,830,682,53,156,417,229,-148,1512,151.2,0.18795180722891566,0.27590361445783135,0.5024096385542168
4374,PRU002,"Stefana Rogozińskiego 5/S5, 83-000 Pruszcz Gdański",54.27069,18.62816,10,0,0,Plaza Stogi,13555.395042054311,1597,1307,398,583,454,206,-290,2904,290.4,0.36505948653725734,0.1289918597370069,0.28428303068252975
4375,PRU003,"Jana z Kolna 4, 83-000 Pruszcz Gdański",54.2679784,18.6281948,20,1,1,Plaza Stogi,13822.688860681405,7687,7771,1790,2225,2724,1080,84,15458,772.9,0.2894497203070118,0.1404969428905945,0.35436451151294396
4376,PRU004,"Cicha 6, 83-000 Pruszcz Gdański",54.26056069184702,18.625219324723616,10,0,1,Plaza Stogi,14647.238380547202,5540,5322,1257,1596,1992,833,-218,10862,1086.2,0.28808664259927796,0.1503610108303249,0.3595667870036101
4377,PRU005,Spokojna/Ogrodowa,54.257598776333026,18.62428196342296,10,0,0,Plaza Stogi,14970.120182906803,1197,1095,208,461,435,130,-102,2292,229.2,0.38512949039264827,0.1086048454469507,0.3634085213032581
4378,PRU006,"Wojska Polskiego 3, 83-000 Pruszcz Gdański",54.2600199,18.6339026,10,1,1,Plaza Stogi,14463.276863141224,4000,3885,618,900,1645,877,-115,7885,788.5,0.225,0.21925,0.41125
4379,PRU007,"Krótka 2, 83-000 Pruszcz Gdański",54.2624929,18.6363939,10,3,2,Plaza Stogi,14146.326761279066,3934,3783,453,1171,1704,690,-151,7717,771.7,0.2976614133197763,0.17539400101677682,0.4331469242501271
4380,PRU008,"Aleja Księdza Józefa Waląga 3, 83-004 Pruszcz Gdański",54.2610248,18.638354,20,3,2,Plaza Stogi,14245.44439284974,2902,2801,269,797,1460,427,-101,5703,285.15,0.2746381805651275,0.14713990351481737,0.5031013094417643
4381,PRU009,"ul. Chopina 34, 83-000 Pruszcz Gdański",54.26115,18.643427,10,0,0,Plaza Stogi,14106.605255882636,542,515,45,75,316,110,-27,1057,105.7,0.13837638376383765,0.2029520295202952,0.5830258302583026
4382,PRU010,"Dworcowa 1, 83-004 Pruszcz Gdański",54.2584539,18.6454008,20,0,1,Plaza Stogi,14338.90017528384,10001,9743,1164,2366,5547,1200,-258,19744,987.2,0.23657634236576341,0.11998800119988001,0.5546445355464453
4383,PRU011,"Polskich Kolejarzy 7/i 8, 83-000 Pruszcz Gdański",54.2584094,18.6478168,10,1,1,Plaza Stogi,14288.167001270702,6703,6555,582,1473,3945,836,-148,13258,1325.8,0.2197523496941668,0.12472027450395345,0.5885424436819334
4384,PRU012,"Juliana Ursyna Niemcewicza 1, 83-000 Pruszcz Gdański",54.2612003,18.6506886,10,1,1,Plaza Stogi,13932.482990807152,3045,2898,176,771,1613,564,-147,5943,594.3,0.25320197044334974,0.1852216748768473,0.5297208538587849
4385,PRU013,"Milenijna 3-1, 83-004 Pruszcz Gdański",54.267165,18.653649,10,0,2,Plaza Stogi,13243.639218455612,1450,1358,317,365,560,231,-92,2808,280.8,0.2517241379310345,0.15931034482758621,0.38620689655172413
4386,PRU014,"Huberta Wagnera 1A, 83-000 Pruszcz Gdański",54.267799737935974,18.67226873287001,10,1,1,Plaza Stogi,12806.033925127516,1223,960,129,354,565,184,-263,2183,218.3,0.28945216680294356,0.15044971381847916,0.46197874080130824
4387,PRU015,"Wacława Rzewuskiego 1, 83-000 Pruszcz Gdański",54.265724,18.663455,10,0,2,Plaza Stogi,13189.15514508432,2235,2188,429,614,815,424,-47,4423,442.3,0.27472035794183447,0.18970917225950784,0.36465324384787473
4388,PRU016,"Azaliowa 1/C/6, 83-000 Pruszcz Gdański",54.2635812,18.6645543,10,0,1,Plaza Stogi,13395.734980109886,3531,3453,394,859,1524,806,-78,6984,698.4,0.24327386009629,0.22826394789011611,0.4316057774001699
4389,PRU017,"Jana Kasprowicza 11, 83-004 Pruszcz Gdański",54.2644746,18.669083,10,1,2,Plaza Stogi,13217.720432244352,1694,1651,156,633,697,232,-43,3345,334.5,0.37367178276269186,0.13695395513577333,0.4114521841794569
4390,PRU018,"Józefa Konrada Korzeniowskiego 66, 83-004 Pruszcz Gdański",54.2602137,18.6730361,10,1,1,Plaza Stogi,13609.023300404371,3101,3127,283,963,1406,498,26,6228,622.8,0.3105449854885521,0.16059335698161883,0.45340212834569493
4391,PRU019,"Jarosława Dąbrowskiego 79, 83-000 Pruszcz Gdański",54.256028,18.672408,10,0,0,Plaza Stogi,14070.437278370928,1922,1941,283,721,695,270,19,3863,386.3,0.37513007284079086,0.1404786680541103,0.36160249739854317
4392,PRU020,"Andrzeja Frycza-Modrzewskiego 17, 83-000 Pruszcz Gdański",54.259134,18.664409,10,0,0,Plaza Stogi,13872.349190813413,1846,1889,187,528,774,372,43,3735,373.5,0.28602383531960995,0.20151679306608883,0.419284940411701
4393,PRU021,"Jarosława Dąbrowskiego 26, 83-000 Pruszcz Gdański",54.257259,18.6600407,10,0,1,Plaza Stogi,14153.757879412298,1301,1239,138,347,637,199,-62,2540,254,0.26671790930053807,0.15295926210607225,0.48962336664104533
4394,PRU022,"Generała Władysława Sikorskiego 33, 83-000 Pruszcz Gdański",54.246677,18.6513593,10,0,1,Plaza Stogi,15445.666491626824,2424,2375,353,978,859,256,-49,4799,479.9,0.4034653465346535,0.10561056105610561,0.3543729372937294
4395,PRU023,"Wojska Polskiego 34, 83-000 Pruszcz Gdański",54.2575065,18.6330522,10,2,0,Plaza Stogi,14741.241170849482,1623,1447,277,432,629,310,-176,3070,307,0.266173752310536,0.19100431300061615,0.38755391250770177
4396,PRU024,"Matejki 3, 83-000 Pruszcz Gdański",54.2546534,18.6370144,10,1,0,Plaza Stogi,14932.625421514422,1046,978,82,443,402,153,-68,2024,202.4,0.4235181644359465,0.1462715105162524,0.384321223709369
4397,PRU025,"Nad Radunią 26, 83-000 Pruszcz Gdański",54.263468,18.635283,10,1,1,Plaza Stogi,14076.685917197909,275,235,16,74,158,33,-40,510,51,0.2690909090909091,0.12,0.5745454545454546
4398,PRU026,"Ignacego Łukasiewicza 3, 83-004 Pruszcz Gdański",54.2494092,18.637784,10,0,2,Plaza Stogi,15455.393048167914,1421,1325,78,265,994,137,-96,2746,274.6,0.1864883884588318,0.0964109781843772,0.6995073891625616
4399,PRU027,"Zastawna, 83-004 Pruszcz Gdański",54.2525819,18.6287567,10,1,0,Plaza Stogi,15354.849268120386,1236,1115,147,258,589,257,-121,2351,235.1,0.2087378640776699,0.20792880258899676,0.47653721682847894
4400,PRU028,"Grunwaldzka 117, 83-000 Pruszcz Gdański",54.240313,18.630609,10,0,0,Plaza Stogi,16567.258971485175,1189,1053,93,277,738,88,-136,2242,224.2,0.23296888141295205,0.07401177460050462,0.6206896551724138
4401,PRU029,"Tczewska 2, 83-000 Pruszcz Gdański",54.2408017,18.6167293,30,0,1,Plaza Stogi,16869.82652509914,5430,5120,1231,781,2357,1142,-310,10550,351.6666666666667,0.1438305709023941,0.21031307550644568,0.43406998158379373
4402,TCZ001,"Topolowa 23, 83-110 Tczew",54.100651158347176,18.772214247789833,10,1,0,Plaza Gdansk Orle,28361.77521036697,1637,1529,515,377,509,270,-108,3166,316.6,0.23029932803909592,0.1649358582773366,0.31093463653023823
4403,TCZ002,"Armii Krajowej 35, 83-110 Tczew",54.0985671,18.7645118,10,4,0,Plaza Gdansk Orle,28708.459457621233,1584,1575,182,450,665,327,-9,3159,315.9,0.2840909090909091,0.20643939393939395,0.4198232323232323
4404,TCZ003,"Harcerska 2, 83-110 Tczew",54.0971742,18.7598077,10,0,0,Plaza Gdansk Orle,28936.22955060928,264,267,19,59,107,91,3,531,53.1,0.22348484848484848,0.3446969696969697,0.4053030303030303
4405,TCZ004,"Władysława Jagiełły 4d, 83-110 Tczew",54.0955376,18.7648851,10,0,0,Plaza Gdansk Orle,29028.751176355298,1203,1177,172,411,468,202,-26,2380,238,0.341645885286783,0.16791354945968412,0.38902743142144636
4406,TCZ005,"Jagiellońska 55, 83-100 Tczew",54.0917583,18.7620241,10,5,0,Plaza Gdansk Orle,29482.09834134668,920,869,19,202,516,193,-51,1789,178.9,0.21956521739130436,0.20978260869565218,0.5608695652173913
4407,TCZ006,Biedronka Kwiatowa/Sadowa,54.1007642,18.779643,10,1,0,Plaza Gdansk Orle,28239.40484588443,1472,1373,103,448,716,248,-99,2845,284.5,0.30434782608695654,0.16847826086956522,0.48641304347826086
4408,TCZ007,"Królowej Marysieńki 10, 83-110 Tczew",54.0955798238688,18.776940494469244,10,1,0,Plaza Gdansk Orle,28840.529298343383,53,7,7,19,49,9,-46,60,6,0.3584905660377358,0.16981132075471697,0.9245283018867925
4409,TCZ008,"Jana Brzechwy 2, 83-110 Tczew ""Plac Zabaw Osiedle Bajkowe""",54.0896164,18.7672997,10,0,0,Plaza Gdansk Orle,29629.750499684254,1164,1049,101,269,514,317,-115,2213,221.3,0.23109965635738833,0.27233676975945015,0.4415807560137457
4410,TCZ009,"Christiana Andersena 9, 83-100 Tczew",54.0889099,18.7723626,10,0,0,Plaza Gdansk Orle,29630.079605969546,1867,1732,341,448,740,404,-135,3599,359.9,0.2399571505088377,0.21638993036957685,0.3963577932512051
4411,TCZ010,"Kazimierza Wielkiego 11, 83-110 Tczew",54.0836696,18.7773026,10,0,0,Plaza Gdansk Orle,30128.622442922744,619,625,74,178,293,98,6,1244,124.4,0.2875605815831987,0.1583198707592892,0.47334410339256866
4412,TCZ011,"Spółdzielcza 1c, 83-110 Tczew",54.1028432,18.802941,10,2,0,Plaza Gdansk Orle,27717.419419142912,1036,1098,76,317,469,200,62,2134,213.4,0.305984555984556,0.19305019305019305,0.4527027027027027
4413,TCZ012,okolice Sklep spożywczo monopolowy Elżbiety/Kolejowa/Mostowa,54.0958415,18.7930664,10,0,0,Plaza Gdansk Orle,28597.972859254784,658,577,50,117,241,277,-81,1235,123.5,0.1778115501519757,0.4209726443768997,0.3662613981762918
4414,TCZ013,"Pomorska 4, 83-110 Tczew",54.0963053,18.7897597,10,0,4,Plaza Gdansk Orle,28588.297423387383,7652,6961,732,1765,3514,1875,-691,14613,1461.3,0.23065865133298485,0.24503397804495558,0.4592263460533194
4415,TCZ014,"Jedności Narodu 22, 83-110 Tczew",54.0970839,18.7816266,10,2,0,Plaza Gdansk Orle,28611.112908034866,1330,1209,130,433,523,277,-121,2539,253.9,0.3255639097744361,0.20827067669172933,0.39323308270676693
4416,TCZ015,"Aleja Zwycięstwa 16, 83-110 Tczew",54.0936239,18.7861984,10,1,0,Plaza Gdansk Orle,28926.29264632813,1120,907,120,212,448,401,-213,2027,202.7,0.18928571428571428,0.3580357142857143,0.4
4417,TCZ016,Rondo Spółdzielców Tczew,54.09280596482816,18.78201958500921,10,1,0,Plaza Gdansk Orle,29070.8247158209,1430,1295,179,362,578,337,-135,2725,272.5,0.25314685314685315,0.23566433566433567,0.4041958041958042
4418,TCZ017,"Bulwar Nadwiślański, 83-110 Tczew",54.0906907,18.8024598,10,0,0,Plaza Gdansk Orle,29055.253911099768,1646,1680,86,401,895,295,34,3326,332.6,0.24362089914945323,0.17922235722964763,0.5437424058323208
4419,TCZ018,"Plac Generała Józefa Hallera 23/5, 83-110 Tczew",54.0870854,18.7995413,10,7,0,Plaza Gdansk Orle,29481.973800990243,1401,1330,102,397,577,373,-71,2731,273.1,0.2833690221270521,0.2662384011420414,0.4118486795146324
4420,TCZ019,"Jarosława Dąbrowskiego 7A, 83-110 Tczew",54.0869246,18.7954243,10,3,0,Plaza Gdansk Orle,29545.426542642224,1409,1206,110,460,586,289,-203,2615,261.5,0.32647267565649396,0.20511000709723207,0.41589779985805536
4421,TCZ020,"30 Stycznia 61, 83-110 Tczew",54.0855634,18.7933738,10,2,1,Plaza Gdansk Orle,29718.04158008935,2240,1968,333,667,943,363,-272,4208,420.8,0.29776785714285714,0.16205357142857144,0.42098214285714286
4422,TCZ021,"Wojska Polskiego 28a, 83-100 Tczew",54.0884483,18.787843,10,0,0,Plaza Gdansk Orle,29469.657168252415,1041,1021,88,257,443,283,-20,2062,206.2,0.24687800192122958,0.27185398655139287,0.425552353506244
4423,TCZ022,"Grunwaldzka 1, 83-110 Tczew",54.0882285,18.7829221,10,2,0,Plaza Gdansk Orle,29556.929318160957,782,763,76,178,408,140,-19,1545,154.5,0.22762148337595908,0.17902813299232737,0.5217391304347826
4424,TCZ023,"Parkowa 1, 83-110 Tczew",54.0821782,18.8022202,10,0,0,Plaza Gdansk Orle,29992.107540247787,847,832,50,245,482,97,-15,1679,167.9,0.2892561983471074,0.11452184179456906,0.5690672963400236
4425,TCZ024,"Ceglarska 6, 83-110 Tczew",54.0750583,18.8063239,10,0,0,Plaza Gdansk Orle,30734.120166500292,239,295,17,42,127,61,56,534,53.4,0.17573221757322174,0.25523012552301255,0.5313807531380753
4426,TCZ025,"Czyżykowska 68, 83-110 Tczew",54.0773158,18.8005084,10,5,1,Plaza Gdansk Orle,30543.637000590745,988,1108,196,247,361,225,120,2096,209.6,0.25,0.22773279352226722,0.36538461538461536
4427,TCZ026,"Genbema 22, 83-110 Tczew",54.0775323,18.7893946,10,0,2,Plaza Gdansk Orle,30643.195876264013,894,773,185,240,335,172,-121,1667,166.7,0.2684563758389262,0.19239373601789708,0.37472035794183445
4428,TCZ027,"Lewiatan Malczewskiego/Kamila Norwida/Józefa Chełmońskiego, 83-110 Tczew",54.07329,18.7743485,10,0,0,Plaza Gdansk Orle,31297.5290069928,1012,1012,113,222,394,305,0,2024,202.4,0.21936758893280633,0.30138339920948615,0.3893280632411067
4429,TCZ028,"Bartosza Głowackiego 57, 83-110 Tczew",54.0678073,18.7676508,10,2,0,Plaza Gdansk Orle,31986.403488542794,1114,1190,146,294,476,211,76,2304,230.4,0.2639138240574506,0.18940754039497307,0.4272890484739677
4430,RUM001,ul. 1 Maja,54.5836756,18.3950614,10,0,0,Plaza Gdynia Babie Doly,9504.64703634316,875,979,158,211,325,214,104,1854,185.4,0.24114285714285713,0.24457142857142858,0.37142857142857144
4431,RUM002,Żwirki i Wigury 48,54.5822756,18.3862824,10,0,1,Plaza Gdynia Babie Doly,10073.545453425151,3657,3250,362,1135,1605,605,-407,6907,690.7,0.31036368608148757,0.1654361498496035,0.4388843314191961
4432,RUM003,Gniewowska 26,54.5778746,18.3916996,10,0,2,Plaza Gdynia Babie Doly,9751.304739532306,1156,1112,212,308,459,198,-44,2268,226.8,0.2664359861591695,0.17128027681660898,0.39705882352941174
4433,RUM004,Dębogórska 2,54.5779567,18.400233,10,0,1,Plaza Gdynia Babie Doly,9202.424612066116,2696,2737,267,932,1129,448,41,5433,543.3,0.3456973293768546,0.1661721068249258,0.41876854599406527
4434,RUM005,ul. Żwirki i Wigury 23,54.5747553,18.3873328,10,0,0,Plaza Gdynia Babie Doly,10064.663976869586,1108,929,88,262,543,246,-179,2037,203.7,0.2364620938628159,0.22202166064981949,0.490072202166065
4435,RUM006,ul. Adama Mickiewicza 19,54.5737509,18.395466,10,1,0,Plaza Gdynia Babie Doly,9557.684404436166,821,729,38,194,420,186,-92,1550,155,0.23629719853836784,0.22655298416565164,0.5115712545676004
4436,RUM007,ul. Czesława Miłosza 5-1,54.5730792,18.400324,10,2,2,Plaza Gdynia Babie Doly,9257.529976947371,791,757,48,281,381,117,-34,1548,154.8,0.3552465233881163,0.14791403286978508,0.48166877370417194
4437,RUM008,ul. Generała Henryka Dąbrowskiego 13,54.5696349,18.3921521,10,3,1,Plaza Gdynia Babie Doly,9837.846916320495,1630,1553,90,356,881,357,-77,3183,318.3,0.2184049079754601,0.21901840490797547,0.5404907975460123
4438,RUM009,ul. Towarowa 23/2,54.5686224,18.3866423,10,0,7,Plaza Gdynia Babie Doly,10207.214729989486,1103,968,81,179,568,303,-135,2071,207.1,0.16228467815049863,0.2747053490480508,0.514959202175884
4439,RUM010,ul. Starowiejska 2,54.56934737323832,18.388234657005157,10,0,9,Plaza Gdynia Babie Doly,10092.113059377372,4955,4531,297,1091,2759,925,-424,9486,948.6,0.2201816347124117,0.18668012108980828,0.5568113017154389
4440,RUM011,ul. Jana III Sobieskiego 7C,54.5651395,18.3921923,10,0,1,Plaza Gdynia Babie Doly,9933.509785035758,1191,932,66,267,708,164,-259,2123,212.3,0.22418136020151133,0.1376994122586062,0.5944584382871536
4441,RUM012,ul. Sabata 24,54.562768,18.385873,10,0,1,Plaza Gdynia Babie Doly,10390.417773071104,1404,1314,240,459,563,174,-90,2718,271.8,0.3269230769230769,0.12393162393162394,0.400997150997151
4442,RUM013,ul. Marszałka Józefa Piłsudskiego 122,54.5755007,18.4086281,10,0,2,Plaza Gdynia Babie Doly,8691.73180470494,2536,2485,424,781,1005,370,-51,5021,502.1,0.30796529968454256,0.14589905362776026,0.39629337539432175
4443,RUM014,ul. Dębogórska 84d,54.573553,18.4157027,10,0,1,Plaza Gdynia Babie Doly,8269.248544666694,6628,6962,1193,2097,2572,942,334,13590,1359,0.3163850331925166,0.14212432106216052,0.38805069402534703
4444,RUM015,ul. Marszałka Józefa Piłsudskiego 30,54.5673748,18.3984861,10,1,0,Plaza Gdynia Babie Doly,9484.163315174512,1591,1544,148,460,786,242,-47,3135,313.5,0.2891263356379635,0.15210559396605908,0.4940289126335638
4445,RUM016,ul. Poznańska,54.5676432,18.4065929,10,0,0,Plaza Gdynia Babie Doly,8966.862884218288,1491,1415,354,456,530,182,-76,2906,290.6,0.3058350100603622,0.12206572769953052,0.35546613011401745
4446,RUM017,ul. Gdańska 39,54.5680738,18.4119632,10,0,1,Plaza Gdynia Babie Doly,8618.464776016604,2331,2293,453,635,896,393,-38,4624,462.4,0.2724152724152724,0.16859716859716858,0.3843843843843844
4447,RUM018,ul. Chylońska 10,54.5660762,18.4167992,10,4,0,Plaza Gdynia Babie Doly,8366.925051435548,3356,3409,771,1019,1279,402,53,6765,676.5,0.3036352800953516,0.1197854588796186,0.38110846245530394
4448,RUM019,ul. Bydgoska 10,54.5632226,18.4052811,10,1,0,Plaza Gdynia Babie Doly,9165.95320590254,777,735,187,185,292,133,-42,1512,151.2,0.23809523809523808,0.17117117117117117,0.3758043758043758
4449,RUM020,ul. Generała Henryka Dąbrowskiego 109,54.5641762,18.4100579,10,2,2,Plaza Gdynia Babie Doly,8840.989016222178,2596,2492,342,729,1203,396,-104,5088,508.8,0.2808166409861325,0.15254237288135594,0.46340523882896767
4450,RUM021,ul. Stoczniowców 9D,54.5612224,18.413651,10,0,0,Plaza Gdynia Babie Doly,8710.78552204009,1913,1768,396,572,700,293,-145,3681,368.1,0.2990067956089911,0.15316257187663357,0.36591740721380034
4451,RUM022,Gdańska 39/9,54.5591319,18.4066741,10,0,3,Plaza Gdynia Babie Doly,9210.17218270733,5569,5318,260,900,3715,757,-251,10887,1088.7,0.16160890644639972,0.13593104686658286,0.6670856527204166
4452,RUM023,ul. Jana III Sobieskiego 73,54.5585124,18.4055934,10,0,4,Plaza Gdynia Babie Doly,9297.894418978189,1250,1030,51,214,769,326,-220,2280,228,0.1712,0.2608,0.6152
4453,RED001,Rekowska 2,54.6315535,18.3621039,10,0,2,Plaza Gdynia Babie Doly,12732.456065487231,762,634,45,221,335,176,-128,1396,139.6,0.2900262467191601,0.23097112860892388,0.43963254593175854
4454,RED002,Długa 49A,54.6259918,18.3524734,10,0,2,Plaza Gdynia Babie Doly,13072.180638777429,1306,1246,121,412,583,220,-60,2552,255.2,0.31546707503828486,0.16845329249617153,0.4464012251148545
4455,RED003,Pucka 58D,54.6158258,18.345769,10,0,2,Plaza Gdynia Babie Doly,13137.460512549324,2409,2328,171,688,990,591,-81,4737,473.7,0.2855956828559568,0.24533001245330013,0.410958904109589
4456,RED004,ul. Kwiatowa,54.6138901,18.3334569,10,0,1,Plaza Gdynia Babie Doly,13852.578922568318,1159,1110,143,438,412,176,-49,2269,226.9,0.37791199309749784,0.15185504745470232,0.3554788610871441
4457,RED005,ul. Brzozowa 22,54.6108773,18.3531126,10,1,2,Plaza Gdynia Babie Doly,12543.713338295653,1552,1488,135,485,686,271,-64,3040,304,0.3125,0.17461340206185566,0.4420103092783505
4458,RED006,Olimpijska 5,54.6068071,18.3634034,10,0,2,Plaza Gdynia Babie Doly,11798.095552560755,2588,2497,446,843,969,349,-91,5085,508.5,0.3257341576506955,0.1348531684698609,0.3744204018547141
4459,RED007,Tenisowa 5,54.6050585,18.3556925,10,3,0,Plaza Gdynia Babie Doly,12247.355228146036,1237,1214,128,324,544,265,-23,2451,245.1,0.26192400970088925,0.21422797089733225,0.4397736459175424
4460,RED008,ul. Torowa 2-4,54.6043978,18.3183416,10,0,1,Plaza Gdynia Babie Doly,14608.007799983816,503,430,29,103,285,86,-73,933,93.3,0.2047713717693837,0.1709741550695825,0.5666003976143141
4461,RED009,ul. Łąkowa 1,54.6033711,18.3505569,10,4,3,Plaza Gdynia Babie Doly,12540.60462782127,1148,1059,101,295,555,217,-89,2207,220.7,0.2569686411149826,0.18902439024390244,0.4834494773519164
4462,RED010,ul. Księcia Poniatowskiego 1,54.6000856,18.3521634,10,1,1,Plaza Gdynia Babie Doly,12383.489894438202,263,221,36,49,120,67,-42,484,48.4,0.18631178707224336,0.25475285171102663,0.45627376425855515
4463,RED011,Aleja Jana Pawła II 30,54.6023066,18.355582,10,2,2,Plaza Gdynia Babie Doly,12202.100371953353,1673,1612,149,475,791,292,-61,3285,328.5,0.2839210998206814,0.17453676031081888,0.47280334728033474
4464,RED012,ul. Aleksandra Zawadzkiego 12,54.5974469,18.3559434,10,4,0,Plaza Gdynia Babie Doly,12105.020721329138,1067,991,49,211,560,259,-76,2058,205.8,0.19775070290534208,0.24273664479850046,0.5248359887535146
4465,RED013,Gniewowska 26,54.5968147,18.344459,10,1,2,Plaza Gdynia Babie Doly,12832.740906651316,558,523,134,148,241,46,-35,1081,108.1,0.26523297491039427,0.08243727598566308,0.43189964157706096
4466,RED014,ul. Leśna,54.5955065,18.3523613,10,0,3,Plaza Gdynia Babie Doly,12311.740912775664,455,420,27,58,325,76,-35,875,87.5,0.12747252747252746,0.16703296703296702,0.7142857142857143
4467,RED015,Reda Dworzec PKP,54.5953735,18.3533513,10,0,5,Plaza Gdynia Babie Doly,12246.845062282457,3091,2949,123,734,1692,555,-142,6040,604,0.2374636040116467,0.17955354254286637,0.5473956648333873
4468,RED016,Osiedle Przy Młynie,54.5948049,18.3611769,10,2,3,Plaza Gdynia Babie Doly,11738.994907441158,4531,3881,315,1160,2202,896,-650,8412,841.2,0.2560141249172368,0.19774884131538292,0.4859854336790995
4469,RED017,ul. Gniewowska 76,54.591846,18.336109,10,1,2,Plaza Gdynia Babie Doly,13324.64197628838,88,81,17,19,45,7,-7,169,16.9,0.2159090909090909,0.07954545454545454,0.5113636363636364
4470,PUC001,"Ścieżka Rowerowa R10, 84-100 Puck",54.724527,18.4027031,10,0,0,Plaza Gdynia Babie Doly,17957.175311005238,156,142,1,47,92,19,-14,298,29.8,0.30128205128205127,0.12179487179487179,0.5897435897435898
4471,PUC002,Żeglarzy 17,54.7229078,18.4101002,10,1,0,Plaza Gdynia Babie Doly,17566.004706635846,228,217,6,88,113,21,-11,445,44.5,0.38596491228070173,0.09210526315789473,0.4956140350877193
4472,PUC003,1 Maja 1,54.7206806,18.4115054,10,9,0,Plaza Gdynia Babie Doly,17305.750892234882,356,337,13,99,196,54,-19,693,69.3,0.27808988764044945,0.15168539325842698,0.550561797752809
4473,PUC004,Stary Rynek 2,54.7204325,18.4115341,10,8,0,Plaza Gdynia Babie Doly,17280.77511755405,326,309,9,93,160,64,-17,635,63.5,0.2852760736196319,0.19631901840490798,0.49079754601226994
4474,PUC005,aleja Lipowa 3a,54.7211789,18.4184943,10,0,0,Plaza Gdynia Babie Doly,17140.24822255507,725,711,16,215,396,100,-14,1436,143.6,0.296551724137931,0.13793103448275862,0.5462068965517242
4475,PUC006,ul. 10 Lutego 40,54.7194709,18.4001744,10,0,1,Plaza Gdynia Babie Doly,17557.465680327565,412,347,14,98,235,85,-65,759,75.9,0.23786407766990292,0.20631067961165048,0.5703883495145631
4476,PUC007,Nowa 11,54.7167051,18.4037605,10,0,1,Plaza Gdynia Babie Doly,17174.936262087667,280,243,26,64,137,68,-37,523,52.3,0.22857142857142856,0.24285714285714285,0.48928571428571427
4477,PUC008,Dworcowa 7,54.71598,18.4089489,10,0,2,Plaza Gdynia Babie Doly,16934.32252910803,750,731,35,192,290,268,-19,1481,148.1,0.256,0.35733333333333334,0.38666666666666666
4478,PUC009,Majkowskiego 18-20,54.7140553,18.4156572,10,0,0,Plaza Gdynia Babie Doly,16533.070385116855,593,544,59,242,245,59,-49,1137,113.7,0.40809443507588533,0.09949409780775717,0.4131534569983137
4479,PUC010,ul. Wybickiego,54.7129099,18.4203879,10,0,0,Plaza Gdynia Babie Doly,16273.341645738008,138,105,10,46,72,13,-33,243,24.3,0.3333333333333333,0.09420289855072464,0.5217391304347826
4480,PUC011,ul. Nowy Świat,54.7152682,18.4302406,10,1,0,Plaza Gdynia Babie Doly,16211.068295372266,376,341,27,129,180,47,-35,717,71.7,0.34308510638297873,0.125,0.4787234042553192
4481,PUC012,Kaszubska 1,54.7103439,18.4119081,10,0,0,Plaza Gdynia Babie Doly,16298.74301066381,295,236,8,102,137,58,-59,531,53.1,0.34576271186440677,0.19661016949152543,0.46440677966101696
4482,PUC013,ul. Dziedzictwa Jana Pawła II 12,54.7116056,18.4032593,10,0,0,Plaza Gdynia Babie Doly,16710.719160264784,92,76,2,25,45,22,-16,168,16.8,0.2717391304347826,0.2391304347826087,0.4891304347826087
4483,PUC014,Wejherowska 45,54.7097114,18.3958439,10,0,1,Plaza Gdynia Babie Doly,16796.829021100417,1033,973,172,405,315,183,-60,2006,200.6,0.3920619554695063,0.1771539206195547,0.30493707647628265
4484,WLA001,"Kopernika 13, 84-105 Władysławowo",54.829079,18.210238,10,1,0,Plaza Gdynia Babie Doly,34551.73348902818,607,558,19,206,308,81,-49,1165,116.5,0.3393739703459638,0.13344316309719934,0.5074135090609555
4485,WLA002,"Karwieńska 6, 84-105 Ostrowo",54.824806,18.24325,10,3,0,Plaza Gdynia Babie Doly,32897.04196055038,356,349,1,111,202,42,-7,705,70.5,0.31179775280898875,0.11797752808988764,0.5674157303370787
4486,WLA003,"Rozewska 1, 84-104 Jastrzębia Góra",54.833472,18.30275,10,2,0,Plaza Gdynia Babie Doly,31656.497851618155,1211,1170,42,377,591,207,-41,2381,238.1,0.31131296449215523,0.17093311312964493,0.4880264244426094
4487,WLA004,"Pucka 8, 84-104 Władysławowo",54.825892,18.310976,10,0,0,Plaza Gdynia Babie Doly,30663.73749122434,328,286,35,107,131,64,-42,614,61.4,0.32621951219512196,0.1951219512195122,0.39939024390243905
4488,WLA005,"Osiedlowa 34, 84-104 Władysławowo",54.820737,18.338996,10,0,0,Plaza Gdynia Babie Doly,29318.123081914942,415,377,48,154,165,54,-38,792,79.2,0.3710843373493976,0.13012048192771083,0.39759036144578314
4490,WLA007,"Władysławowska 59, 84-120 Chłapowo",54.803806,18.372361,10,0,1,Plaza Gdynia Babie Doly,26699.643256609623,1172,1120,219,400,413,164,-52,2292,229.2,0.3412969283276451,0.13993174061433447,0.35238907849829354
4491,WLA008,"Żeromskiego 52, 84-120 Władysławowo",54.800216472560315,18.39310219442976,10,2,0,Plaza Gdynia Babie Doly,25811.157402388784,829,793,27,190,420,212,-36,1622,162.2,0.22919179734620024,0.255729794933655,0.5066344993968637
4492,WLA009,"Jachtowa, 84-120 Władysławowo",54.796113,18.386197,10,0,0,Plaza Gdynia Babie Doly,25559.58837430586,245,200,28,81,76,72,-45,445,44.5,0.3306122448979592,0.2938775510204082,0.31020408163265306
4493,WLA010,"Żeromskiego 32, 84-120 Władysławowo",54.79644,18.395869,10,1,0,Plaza Gdynia Babie Doly,25355.387424507982,674,613,19,134,310,218,-61,1287,128.7,0.19881305637982197,0.32344213649851633,0.4599406528189911
4495,WLA012,"Przybys 13, 84-120 Władysławowo",54.787778,18.398778,10,0,0,Plaza Gdynia Babie Doly,24392.824889396263,225,197,9,69,99,50,-28,422,42.2,0.30666666666666664,0.2222222222222222,0.44
4496,WLA013,"Krasickiego 1, 84-120 Władysławowo",54.785474,18.397478,10,0,0,Plaza Gdynia Babie Doly,24188.1156371552,457,420,41,132,168,124,-37,877,87.7,0.2888402625820569,0.2713347921225383,0.3676148796498906
4497,WLA014,"Hryniewieckiego 3, 84-120 Władysławowo",54.796917,18.410389,10,0,0,Plaza Gdynia Babie Doly,25073.30764623944,1087,1043,49,260,579,212,-44,2130,213,0.23919043238270468,0.19503219871205152,0.5326586936522539
4498,WLA015,"Hallera 19, 84-120 Władysławowo",54.7939736,18.4093081,10,2,1,Plaza Gdynia Babie Doly,24789.635725874865,740,699,31,195,351,173,-41,1439,143.9,0.2635135135135135,0.23378378378378378,0.4743243243243243
4499,WLA016,"Portowa 15, 84-120 Władysławowo",54.7939086,18.4162915,10,1,1,Plaza Gdynia Babie Doly,24631.363640445237,437,353,23,136,199,81,-84,790,79,0.3112128146453089,0.1853546910755149,0.45537757437070936
4500,WLA017,"Portowa 2a, 84-120 Władysławowo",54.78949297920764,18.41454211452424,10,0,0,Plaza Gdynia Babie Doly,24206.45712548577,1248,1167,25,364,610,265,-81,2415,241.5,0.2916666666666667,0.21233974358974358,0.48878205128205127
4501,WLA018,"Gdańska 23, 84-120 Władysławowo",54.786667,18.407083,10,0,1,Plaza Gdynia Babie Doly,24080.458467872377,244,206,8,93,105,43,-38,450,45,0.38114754098360654,0.1762295081967213,0.430327868852459
4502,WLA019,"Bohaterów Kaszubskich 66, 84-120 Władysławowo",54.783889,18.415083,10,0,1,Plaza Gdynia Babie Doly,23609.48240442301,561,518,11,214,251,91,-43,1079,107.9,0.38146167557932265,0.1622103386809269,0.4474153297682709
4503,WLA020,"Kaperska 4, 84-120 Chałupy",54.759972,18.505361,10,1,0,Plaza Gdynia Babie Doly,19628.87777515821,1593,1465,29,481,894,194,-128,3058,305.8,0.3019460138104206,0.12178279974890144,0.5612052730696798
4504,ZUK001,"Gdyńska 50, 80-209 Chwaszczyno",54.442393,18.417663,10,0,1,Plaza Kamienny Potok - Koliba,9573.5425283585,798,747,108,157,393,171,-51,1545,154.5,0.19674185463659147,0.21428571428571427,0.4924812030075188
4505,ZUK002,"Borowiecka 2, 80-297 Banino",54.393075,18.402382,10,0,2,Plaza Sopot,12449.59162985692,1770,1252,182,554,803,250,-518,3022,302.2,0.3129943502824859,0.14124293785310735,0.4536723163841808
4506,ZUK003,"Armii Krajowej 2e, 83-330 Żukowo",54.350491,18.370298,10,2,1,Plaza Sopot,16872.930045365618,960,707,176,250,381,173,-253,1667,166.7,0.2604166666666667,0.18020833333333333,0.396875
4507,ZUK004,"Gdyńska 13, 83-330 Żukowo",54.3438508,18.3639135,10,2,0,Plaza Sopot,17667.174421563443,486,421,21,123,234,133,-65,907,90.7,0.25308641975308643,0.2736625514403292,0.48148148148148145
4508,ZUK005,"Gdańska 52, 83-330 Żukowo",54.3425967,18.3589207,10,1,1,Plaza Sopot,18003.228353830156,693,500,35,160,326,200,-193,1193,119.3,0.23088023088023088,0.2886002886002886,0.4704184704184704
4509,KAR001,Długa 36,54.3566612,18.2174837,10,1,0,Plaza Sopot,24980.178223263953,301,276,42,86,132,43,-25,577,57.7,0.2857142857142857,0.14285714285714285,0.43853820598006643
4510,KAR002,Szkolna 1,54.3565357,18.1693448,10,1,0,Plaza Sopot,27861.29810808472,186,194,5,61,84,39,8,380,38,0.3279569892473118,0.20967741935483872,0.45161290322580644
4511,KAR003,Kartuska 29b,54.3460079,18.1306217,10,1,0,Plaza Sopot,30625.852299012346,229,266,1,60,139,29,37,495,49.5,0.26200873362445415,0.12663755458515283,0.6069868995633187
4512,KAR004,Prokowska 40,54.3431258,18.1852807,10,0,0,Plaza Sopot,27504.954441100817,806,787,136,285,341,80,-19,1593,159.3,0.3535980148883375,0.09925558312655088,0.4230769230769231
4513,KAR005,Mściwoja II 13,54.3404064,18.2022379,10,1,0,Plaza Sopot,26649.59921398095,295,256,13,91,161,48,-39,551,55.1,0.30847457627118646,0.16271186440677965,0.5457627118644067
4514,KAR006,Nowe Osiedle 1,54.3393403,18.1982383,10,0,0,Plaza Sopot,26934.471283817995,190,170,7,58,92,39,-20,360,36,0.30526315789473685,0.20526315789473684,0.4842105263157895
4515,KAR007,Klasztorna 18,54.3359401,18.1911066,10,1,0,Plaza Sopot,27517.872381871144,399,371,45,110,200,59,-28,770,77,0.2756892230576441,0.14786967418546365,0.5012531328320802
4516,KAR008,"Promenada Asesora - Parking ""Szpaner Plac""",54.3339493,18.1955964,10,0,1,Plaza Sopot,27361.296563486,921,820,81,203,490,169,-101,1741,174.1,0.22041259500542887,0.18349619978284473,0.5320304017372421
4517,KAR009,Kolejowa 4,54.3344869,18.2058112,10,1,4,Plaza Sopot,26748.530138549308,1801,1705,85,515,926,315,-96,3506,350.6,0.2859522487506941,0.17490283176013327,0.5141588006662965
4518,KAR010,Gdańska 26,54.3297365,18.2043216,10,1,0,Plaza Sopot,27087.083582816053,263,200,19,63,142,47,-63,463,46.3,0.23954372623574144,0.17870722433460076,0.5399239543726235
4519,KAR011,Ogródków Działkowych 22,54.3298553,18.1864661,10,0,0,Plaza Sopot,28097.425736635785,618,598,216,124,240,62,-20,1216,121.6,0.20064724919093851,0.10032362459546926,0.3883495145631068
4520,KAR012,Gen. Józefa Wybickiego 36,54.3259992,18.1945303,10,2,0,Plaza Sopot,27844.061883157778,1272,1225,293,280,512,214,-47,2497,249.7,0.22012578616352202,0.16823899371069181,0.4025157232704403
4521,KAR013,Polna 17,54.3240751,18.183442,10,1,0,Plaza Sopot,28576.332601175673,173,150,21,31,98,25,-23,323,32.3,0.1791907514450867,0.14450867052023122,0.5664739884393064
4522,KAR014,"Gdańska 8, 83-332 Borowo",54.317698300000004,18.2863572,10,1,2,Plaza Sopot,23395.839853351208,268,203,19,88,118,45,-65,471,47.1,0.3283582089552239,0.16791044776119404,0.44029850746268656
4523,KAR015,"Kartuska 22, 83-332 Dzierżążno",54.3161093,18.2672024,10,0,0,Plaza Sopot,24487.908837689894,470,355,33,158,250,40,-115,825,82.5,0.33617021276595743,0.0851063829787234,0.5319148936170213
4524,KAR016,"ks. Antoniego Arasmusa 2b, 83-307 Kiełpino",54.2896929,18.22579,10,1,1,Plaza Sopot,28409.778786768544,520,390,19,118,276,119,-130,910,91,0.22692307692307692,0.22884615384615384,0.5307692307692308
4525,SOM001,"Dworcowa 2-4, 83-314 Somonino",54.270212,18.193457,10,0,0,Plaza Sopot,31402.823738025145,471,377,17,123,235,103,-94,848,84.8,0.2611464968152866,0.21868365180467092,0.4989384288747346
4526,SOM002,"Droga Kaszubska 11, 83-311 Ostrzyce",54.2548362,18.1144906,10,2,0,Plaza Sopot,36508.784425427126,279,202,2,86,152,39,-77,481,48.1,0.30824372759856633,0.13978494623655913,0.5448028673835126
4527,STE001,"Dworcowa 2, 83-316 Gołubie",54.21352,18.03812,10,0,0,Plaza Sopot,43234.69342588734,425,377,12,148,209,58,-48,802,80.2,0.34823529411764703,0.13647058823529412,0.49176470588235294
4528,STE002,"DW214 11, 83-322 Stężyca",54.2067035,17.95355848,10,2,0,Plaza Sopot,48144.74358206756,351,298,16,157,166,30,-53,649,64.9,0.4472934472934473,0.08547008547008547,0.47293447293447294
4529,SIE001,"Królewska 10, 83-342 Kamienica Królewska",54.391719,17.888904,10,0,0,Plaza Kamienny Potok - Koliba,44241.312173534985,177,178,4,44,108,21,1,355,35.5,0.24858757062146894,0.11864406779661017,0.6101694915254238
4530,SIE002,"Piwna 2, 83-340 Sierakowice",54.3494517,17.8974718,10,0,1,Plaza Kamienny Potok - Koliba,44762.05341874811,65,42,2,15,38,10,-23,107,10.7,0.23076923076923078,0.15384615384615385,0.5846153846153846
4531,SIE003,"DW214, 83-340 Sierakowice",54.3492701,17.8910911,10,3,0,Plaza Kamienny Potok - Koliba,45165.10854954588,189,130,8,46,92,44,-59,319,31.9,0.24338624338624337,0.2328042328042328,0.48677248677248675
4532,SIE004,"Kartuska 2, 83-340 Sierakowice",54.3450829,17.893155,10,1,1,Plaza Kamienny Potok - Koliba,45167.057153832386,164,120,3,27,81,56,-44,284,28.4,0.16463414634146342,0.34146341463414637,0.49390243902439024
4533,SIE005,"Jeziorna 66A, 83-341 Gowidlino",54.32257,17.79401,10,1,0,Plaza Kamienny Potok - Koliba,52045.341450739936,33,13,2,4,22,5,-20,46,4.6,0.12121212121212122,0.15151515151515152,0.6666666666666666
4534,KOL001,"Zeusa 1A, 80-180 Kowale",54.310934,18.565856,10,2,0,Plaza Brzezno - Molo,12031.434694454085,6372,5961,662,1802,3015,985,-411,12333,1233.3,0.2827997489014438,0.15458254865034526,0.4731638418079096
4535,KOL002,"Karola Conradiego 7, 80-180 Jankowo Gdańskie",54.295137,18.554077,10,0,1,Plaza Brzezno - Molo,13940.356640346296,1908,1606,150,541,1067,171,-302,3514,351.4,0.28354297693920333,0.08962264150943396,0.5592243186582809
4536,KOL003,"Strażacka 1, 83-050 Lublewo Gdańskie",54.28383919151804,18.502262148927343,10,0,1,Plaza Brzezno - Molo,16459.67065909942,1101,1092,98,383,465,173,-9,2193,219.3,0.3478655767484105,0.15712988192552224,0.4223433242506812
4537,KOL004,"Leśna 2, 83-050 Kolbudy",54.2712938,18.4682885,10,0,0,Plaza Brzezno - Molo,18784.95269032778,822,622,171,173,326,154,-200,1444,144.4,0.21046228710462286,0.1873479318734793,0.39659367396593675
4538,KOL005,"Brunona Gregorkiewicza 14, 83-050 Bielkówko",54.260473,18.513144,10,1,1,Plaza Brzezno - Molo,18493.589060487233,683,711,75,170,271,182,28,1394,139.4,0.24890190336749635,0.2664714494875549,0.3967789165446559
4539,KOS001,"Morska 105, 81-198 Rewa",54.631954,18.497385,10,1,0,Plaza Gdynia Babie Doly,5999.898544935925,1809,1823,18,421,1019,354,14,3632,363.2,0.23272526257600884,0.1956882255389718,0.5632946379215036
4540,KOS002,"Nadmorska 32, 81-198 Mechelinki",54.609968,18.513215,10,0,0,Plaza Gdynia Babie Doly,3380.490201527817,1954,2011,29,460,1164,307,57,3965,396.5,0.23541453428863868,0.1571136131013306,0.5957011258955988
4541,KOS003,"Gdyńska 4, 81-198 Mosty",54.608731,18.496299,10,0,2,Plaza Gdynia Babie Doly,3997.689782706304,1367,1599,116,393,519,359,232,2966,296.6,0.28749085588880763,0.2626188734455011,0.37966349670812
4542,KOS004,"Grudniowa 6/18, 84-230 Kazimierz",54.602862,18.421171,10,0,0,Plaza Gdynia Babie Doly,8074.49848983257,366,327,25,65,243,34,-39,693,69.3,0.17759562841530055,0.09289617486338798,0.6639344262295082
4543,KOS005,"Kaszubska 33A, 81-198 Pierwoszyno",54.598,18.499238,10,1,1,Plaza Gdynia Babie Doly,3155.0048838573653,1005,1011,105,289,466,149,6,2016,201.6,0.28756218905472636,0.1482587064676617,0.46368159203980097
4544,KOS006,"Pomorska 18, 81-198 Dębogórze",54.591225,18.458383,10,0,0,Plaza Gdynia Babie Doly,5470.497194568452,911,973,85,198,501,141,62,1884,188.4,0.21734357848518113,0.15477497255762898,0.5499451152579583
4545,KOS007,Gdyńska 50,54.58836086091085,18.49422608552169,10,0,2,Plaza Gdynia Babie Doly,3139.3599622415263,1607,1561,57,364,763,445,-46,3168,316.8,0.2265090230242688,0.27691350342252646,0.4747977598008712
4546,KOS008,"Jana Chryzostoma Paska 6, 81-198 Suchy Dwór",54.575527,18.470351,10,1,3,Plaza Gdynia Babie Doly,4764.752932476909,1536,1496,113,456,711,286,-40,3032,303.2,0.296875,0.18619791666666666,0.462890625
4547,KOS009,"Dębogórska 25, 84-230",54.573109,18.435305,10,0,1,Plaza Gdynia Babie Doly,7031.930329387349,440,478,10,83,274,80,38,918,91.8,0.18863636363636363,0.18181818181818182,0.6227272727272727
4548,KOS010,"Mauretańska 6A, 81-198 Pogórze",54.566736,18.479416,10,2,0,Plaza Gdynia Babie Doly,4535.872374447858,667,593,32,147,355,141,-74,1260,126,0.22038980509745126,0.21139430284857572,0.5322338830584707
4549,KOS011,"Ignacego Jana Paderewskiego 1/lokal U3, 81-198 Gdynia",54.567693,18.492694,10,3,2,Plaza Gdynia Babie Doly,3731.8250289120847,2285,2233,338,568,995,393,-52,4518,451.8,0.2485776805251641,0.17199124726477025,0.43544857768052514
4489,WLA006,"Żeromskiego 263, 84-120 Władysławowo",54.809354,18.366631,10,0,0,Plaza Gdynia Babie Doly,27413.064638320266,297,268,28,94,134,41,-29,565,56.5,0.3164983164983165,0.13804713804713806,0.4511784511784512
3829,GDA001,"plac Dwóch Miast 1, 80-334 Gdańsk",54.4258484,18.5779021,10,0,0,Plaza Jelitkowo,1304.3010408353662,1641,1340,15,374,753,512,-301,2981,298.1,0.2279098110907983,0.3120048750761731,0.45886654478976235
3830,GDA002,"Jelitkowska 57-51, 80-342 Gdańsk",54.4279049,18.5904457,10,0,0,Plaza Jelitkowo,531.4430216455662,8814,7993,119,2011,5158,1639,-821,16807,1680.7,0.2281597458588609,0.18595416383027003,0.5852053551168596
3831,GDA003,"Pomorska 57a, 80-343 Gdańsk",54.4247829,18.5954508,10,0,0,Plaza Jelitkowo,224.19816503281237,20610,19636,433,4588,11227,4482,-974,40246,4024.6,0.22261038330907326,0.21746724890829694,0.5447355652595828
3832,GDA004,"Orłowska 5F, 80-347 Gdańsk",54.4235293,18.5871054,10,1,0,Plaza Jelitkowo,764.5487978124156,3395,3095,292,1356,1357,452,-300,6490,649,0.39941089837997057,0.13313696612665685,0.3997054491899853
3833,GDA005,"Gospody 20, 80-340 Gdańsk",54.4242033,18.5774484,10,2,1,Plaza Jelitkowo,1350.103374459782,4709,4124,429,1959,1744,653,-585,8833,883.3,0.41601189212146955,0.13867063070715652,0.37035464005096624
3834,GDA006,"Szyprów 9, 80-335 Gdańsk",54.4238576,18.5740724,10,1,0,Plaza Jelitkowo,1571.8324550086706,2791,2598,301,1044,1183,331,-193,5389,538.9,0.3740594768900036,0.11859548548907202,0.42386241490505194
3835,GDA007,"Subisława 41/14, 80-354 Gdańsk",54.4208015,18.5701376,10,0,3,Plaza Jelitkowo,1900.3579516409216,10919,10051,1156,3246,4853,1902,-868,20970,2097,0.29727997069328693,0.17419177580364503,0.44445462038648226
3836,GDA008,"Pelplińska 7, 80-335 Gdańsk",54.4165599,18.5724502,10,1,2,Plaza Jelitkowo,1967.940622944618,4759,4617,483,1728,1969,675,-142,9376,937.6,0.36310149191006513,0.1418365202773692,0.41374238285354065
3837,GDA009,"Pomorska 25, 80-333 Gdańsk",54.4199562,18.5818225,10,2,2,Plaza Jelitkowo,1253.6626461755634,10415,10162,1087,3317,4220,2076,-253,20577,2057.7,0.3184829572731637,0.19932789246279406,0.40518482957273166
3838,GDA010,"Chłopska 48, 80-358 Gdańsk",54.4203544,18.5838837,10,5,4,Plaza Jelitkowo,1118.3306631219712,10108,10110,780,3292,4430,1789,2,20218,2021.8,0.3256826276216858,0.17698852394143252,0.43826671943015433
3839,GDA011,"Aleja Grunwaldzka 62, 80-236 Gdańsk",54.4233153,18.5644725,10,1,1,Plaza Jelitkowo,2194.889426671856,5575,5394,440,1927,2544,791,-181,10969,1096.9,0.34565022421524666,0.14188340807174887,0.456322869955157
3840,GDA012,"Bitwy Oliwskiej 20A, 80-339 Gdańsk",54.4205661,18.5676941,10,2,2,Plaza Jelitkowo,2058.8923389214597,2603,2385,276,913,1119,361,-218,4988,498.8,0.3507491356127545,0.1386861313868613,0.4298885900883596
3841,GDA013,"Aleja Grunwaldzka 594, 80-337 Gdańsk",54.4206738,18.5648303,10,1,1,Plaza Jelitkowo,2233.0728222450484,4450,4240,491,1902,1707,476,-210,8690,869,0.42741573033707864,0.10696629213483146,0.3835955056179775
3842,GDA014,"Józefa Czyżewskiego 25, 80-336 Gdańsk",54.4184498,18.5596479,10,3,0,Plaza Jelitkowo,2626.9562527061953,4432,4055,714,1687,1620,483,-377,8487,848.7,0.38064079422382674,0.10898014440433212,0.3655234657039711
3843,GDA015,"Józefa Czyżewskiego 11, 80-330 Gdańsk",54.4155107,18.5579113,10,2,1,Plaza Jelitkowo,2852.354857563125,6018,5756,1123,2215,2218,556,-262,11774,1177.4,0.3680624792289797,0.09238949817215021,0.3685609837155201
3844,GDA016,"Opacka 7, 80-330 Gdańsk",54.411886,18.5562708,10,2,0,Plaza Jelitkowo,3132.363989530687,4269,3958,331,1855,1712,426,-311,8227,822.7,0.43452799250409935,0.09978917779339423,0.40103068634340594
3845,GDA017,"Aleja Grunwaldzka 569, 80-339 Gdańsk",54.4181337,18.5657569,10,6,1,Plaza Jelitkowo,2270.241472754891,6003,5718,547,2125,2686,781,-285,11721,1172.1,0.3539896718307513,0.1301016158587373,0.44744294519406963
3846,GDA018,"Opacka 33-31, 80-330 Gdańsk",54.4139669,18.5658072,10,0,3,Plaza Jelitkowo,2485.4360081539726,8753,8347,972,2742,3832,1394,-406,17100,1710,0.31326402376328116,0.15925968239460755,0.4377927567691077
3847,GDA019,"Karwieńska 3, 80-328 Gdańsk",54.4131014,18.5352242,10,0,1,Plaza Jelitkowo,4315.031834644375,1918,1617,9,304,1653,14,-301,3535,353.5,0.15849843587069865,0.0072992700729927005,0.8618352450469239
3848,GDA020,"Stary Rynek Oliwski 14, 80-324 Gdańsk",54.4089353,18.5555974,10,1,1,Plaza Jelitkowo,3345.9333579127483,6684,6452,515,2201,3040,1051,-232,13136,1313.6,0.32929383602633155,0.15724117295032913,0.4548174745661281
3849,GDA021,"Opata Jacka Rybińskiego 218/16, 80-320 Gdańsk",54.409599,18.5623971,10,1,0,Plaza Jelitkowo,2948.7074137639784,4470,4062,104,1249,2422,766,-408,8532,853.2,0.27941834451901565,0.17136465324384786,0.541834451901566
3850,GDA022,"Aleja Grunwaldzka 508, 80-317 Gdańsk",54.4096316,18.5676368,10,4,6,Plaza Jelitkowo,2689.239658382544,17668,16879,879,5041,8854,3254,-789,34547,3454.7,0.28531808920081503,0.1841747792619425,0.5011319900384876
3851,GDA023,"Poczty Gdańskiej 4, 80-321 Gdańsk",54.4097367,18.5704614,10,0,3,Plaza Jelitkowo,2550.1451793189963,8694,7943,807,2360,4069,1664,-751,16637,1663.7,0.2714515757994019,0.1913963653094088,0.46802392454566366
3852,GDA024,"Adama Asnyka 1, 80-316 Gdańsk",54.408208,18.5631075,10,0,5,Plaza Jelitkowo,3012.790681377997,3237,2912,207,1112,1504,459,-325,6149,614.9,0.34352795798578933,0.1417979610750695,0.4646277417361755
3853,GDA025,"Stefana Żeromskiego 1, 80-319 Gdańsk",54.4063802,18.5598908,10,3,0,Plaza Jelitkowo,3303.3791272802077,2895,2489,232,1051,1319,404,-406,5384,538.4,0.3630397236614853,0.13955094991364422,0.4556131260794473
3854,GDA026,"Wita Stwosza 18C, 80-312 Gdańsk",54.4044941,18.5641213,10,0,1,Plaza Jelitkowo,3255.705189583188,4165,3802,268,1374,1954,646,-363,7967,796.7,0.3298919567827131,0.15510204081632653,0.46914765906362543
3855,GDA027,"Aleja Grunwaldzka 478, 80-309 Gdańsk",54.4052974,18.5708582,10,0,0,Plaza Jelitkowo,2907.5144896800675,13941,13700,593,2417,9436,1829,-241,27641,2764.1,0.1733735026181766,0.13119575353274515,0.6768524496090668
3856,GDA028,"Pomorska 84, 80-345 Gdańsk",54.4191568,18.5815211,10,0,1,Plaza Jelitkowo,1320.0707104803475,6990,6929,523,2772,2902,897,-61,13919,1391.9,0.3965665236051502,0.12832618025751072,0.4151645207439199
3857,GDA029,"Piastowska 95, 80-358 Gdańsk",54.4161545,18.5862388,10,2,2,Plaza Jelitkowo,1345.4896343111232,4129,3972,218,1440,1945,634,-157,8101,810.1,0.3487527246306612,0.15354807459433276,0.47105836764349723
3858,GDA030,"Poznańska 2, 80-359 Gdańsk",54.4142581,18.5797366,10,0,0,Plaza Jelitkowo,1772.60618335136,3328,3241,444,1138,1399,419,-87,6569,656.9,0.34194711538461536,0.12590144230769232,0.42037259615384615
3859,GDA031,"Leona Droszyńskiego 31A, 80-381 Gdańsk",54.4110303,18.5724922,10,1,3,Plaza Jelitkowo,2355.439404708213,17027,15979,1583,4727,8032,3118,-1048,33006,3300.6,0.2776179009807952,0.18312092558877077,0.471721383684736
3860,GDA032,"Sambora 7A, 80-361 Gdańsk",54.4095888,18.5757385,10,1,1,Plaza Jelitkowo,2336.796395808857,5299,5105,309,1396,2493,1225,-194,10404,1040.4,0.2634459331949424,0.2311756935270806,0.47046612568409135
3861,GDA033,"Beniowskiego 66, 80-382 Gdańsk",54.4120642,18.5769125,10,0,0,Plaza Jelitkowo,2076.3714863718214,3157,2909,285,1164,1205,579,-248,6066,606.6,0.3687044662654419,0.18340196388976876,0.38169147925245483
